"Harapan_Lama_Sekolah,Pengeluaran_Perkapita,Rerata_Lama_Sekolah,Usia_Harapan_Hidup,IPM"
"14.36,9572,9.37,69.96,High"
"13.9,7148,9.48,65.28,Normal"
"14.32,8776,8.68,67.43,Normal"
"14.6,8180,8.88,64.4,Normal"
"14.01,8030,9.67,68.22,Normal"
"13.04,8577,8.21,68.74,Normal"
"14.28,10780,9.86,68.86,High"
"14.61,9593,9.55,67.99,High"
"14.73,9644,10.33,69.79,High"
"14.47,9860,9,66.95,High"
"14.84,8867,9.29,71.26,High"
"14.71,8201,8.64,68.81,Normal"
"13.65,8428,8.67,65.06,Normal"
"13.78,8856,8.4,65.53,Normal"
"13.76,8367,8.91,69.63,Normal"
"14.14,8292,8.69,69.24,Normal"
"13.99,9666,8.71,67.19,Normal"
"13.47,11118,10,69.26,High"
"14.97,10290,9.34,70.18,High"
"17.8,16891,12.83,71.52,Very-High"
"14.13,11378,11.18,70.56,High"
"15.63,12067,11.12,69.43,High"
"15.21,11390,11.11,71.64,High"
"14.62,7385,08.03,64.07,Normal"
"13.27,10499,9.58,69.23,High"
"12.84,6995,5.64,69.78,Normal"
"13.61,9771,8.63,62.65,Normal"
"13.35,11304,9.29,64.97,High"
"13.07,10138,8.84,67.24,Normal"
"13.7,11710,9.99,68.76,High"
"13.46,12224,10.57,70.29,High"
"12.74,11212,9.25,69.95,High"
"12.61,11030,8.8,68.37,High"
"12.79,11376,9.61,71.37,High"
"13.11,10504,9.59,69.19,High"
"12.77,12412,10,71.58,High"
"13.36,12291,10.1,71.77,High"
"13.24,11142,8.66,68.97,High"
"12.27,7041,06.06,68.86,Normal"
"13.29,8016,9.71,69.51,Normal"
"13.87,8254,9.14,65.96,Normal"
"13.48,8504,9.44,71.41,High"
"12.61,11017,8.69,68.82,High"
"12.64,10539,08.07,67.13,Normal"
"13.04,10055,9.38,67.22,High"
"13.27,8921,09.02,67.13,Normal"
"13.01,11562,8.9,68.81,High"
"13.19,11840,8.41,69.56,High"
"13.04,6155,6.77,69.55,Normal"
"12.95,5924,6.69,69.08,Normal"
"13.28,11540,10.41,69.25,High"
"12.62,11225,9.45,63.44,Normal"
"14.57,12436,11.29,73.77,High"
"12.73,12939,10.44,70.95,High"
"14.75,14999,11.48,73.23,Very-High"
"13.63,11063,10.94,72.45,High"
"14.56,10965,11.09,69.5,High"
"13.75,8134,8.62,71.32,Normal"
"14.09,10790,09.07,69.59,High"
"12.89,6321,7.2,64.73,Normal"
"13.33,9270,8.27,70.96,High"
"13.05,10215,7.87,68.79,Normal"
"12.38,10389,8.12,66.36,Normal"
"14.34,10616,8.62,70.12,High"
"13.68,11050,7.88,68.97,High"
"13.88,9662,8.97,72.53,High"
"13.3,9668,08.07,69.84,Normal"
"12.81,8440,8.1,67.59,Normal"
"12.72,10367,8.32,68.01,Normal"
"12.44,11324,8.55,71.53,High"
"13.68,9089,8.27,67.94,Normal"
"16.53,14540,11.59,73.69,Very-High"
"14.33,12168,11.04,73.73,High"
"13.18,10195,10.32,70.1,High"
"15.07,10754,11.63,72.82,High"
"14.98,13331,11.34,74.5,Very-High"
"14.27,13317,10.81,73.84,High"
"14.55,12818,10.67,70.38,High"
"13.28,10736,9.19,71.67,High"
"13.34,10309,8.75,68.6,High"
"12.46,10260,8.39,70.26,High"
"11.93,9945,7.24,67.98,Normal"
"12.41,11672,8.7,71.24,High"
"12.81,11807,9.86,71.13,High"
"13.55,10858,9.27,70.83,High"
"12.85,9406,8.54,70.18,Normal"
"12.88,11415,9.7,71.24,High"
"12.76,9417,8.26,70.39,Normal"
"12.83,7780,7.84,67.78,Normal"
"15.55,14360,11.92,72.41,Very-High"
"13.31,11818,10.14,70.98,High"
"13.04,10588,8.6,71.22,High"
"13.88,10184,8.56,70,High"
"12.04,10380,7.9,71.29,Normal"
"12.28,11792,08.04,69.21,High"
"12.93,10032,8.12,70.64,High"
"12.84,8825,8.58,71.32,Normal"
"12.17,9163,6.92,66.34,Normal"
"12.63,9699,8,68.17,Normal"
"12.64,10546,7.59,70.02,Normal"
"12.63,11670,8.28,67.83,High"
"15.37,12240,11.2,72.71,High"
"14.8,10454,10.33,72.21,High"
"12.54,10662,8.3,69.98,High"
"12.83,10040,8.71,68.24,Normal"
"11.68,10755,07.05,68.67,Normal"
"11.98,10995,7.8,69.02,Normal"
"12.35,9735,8.52,66.16,Normal"
"12.19,9550,7.53,68.26,Normal"
"12.29,10140,7.63,68.84,Normal"
"11.77,9860,7.44,69.06,Normal"
"11.76,8585,7.85,67.07,Normal"
"12.45,11531,7.56,69.17,Normal"
"12.31,10454,7.87,65.6,Normal"
"12.07,9400,7.64,65.13,Normal"
"12.17,8210,07.05,68.33,Normal"
"11.58,9855,07.09,65.76,Normal"
"14.42,14704,10.75,71.01,High"
"12.92,12752,9.97,70.47,High"
"13.05,8877,9.4,66.85,Normal"
"13.38,13267,9.9,69.39,High"
"13.67,10487,8.87,69.42,High"
"13.62,9916,9.27,67.93,High"
"13.93,10323,8.33,68.75,High"
"12.88,10410,08.09,68.27,Normal"
"13.06,8638,8.38,66.73,Normal"
"13.29,8256,8,67.9,Normal"
"12.74,10405,8.3,66.73,Normal"
"12.58,11317,8.18,63.4,Normal"
"13.12,9377,8.29,68.08,Normal"
"13.28,9471,7.48,68.19,Normal"
"16.03,14108,11.8,70.2,Very-High"
"12.73,10038,08.08,70.73,Normal"
"12.26,9969,08.07,67.65,Normal"
"12.19,9266,7.34,68.67,Normal"
"12.52,9931,7.7,69.42,Normal"
"12.86,10026,7.77,70.78,Normal"
"12.93,11259,7.59,69.87,High"
"12.49,8737,8.34,69.3,Normal"
"12.37,9173,7.71,69.46,Normal"
"11.95,10735,7.55,70.01,Normal"
"12.59,7934,7.71,69.15,Normal"
"12.84,10302,8.39,70.27,High"
"11.64,7980,07.08,68.26,Normal"
"12.06,8422,7.39,70.03,Normal"
"12,8533,8.19,63.66,Normal"
"14.7,12247,10.95,71.42,High"
"14.75,11916,10.97,71.66,High"
"12.17,12819,08.08,70.73,High"
"12.78,12424,8.25,71.14,High"
"11.86,13563,8.47,71.1,High"
"11.7,12269,7.44,70.08,Normal"
"12.1,12945,7.2,71.52,High"
"11.38,11768,6.71,68.35,Normal"
"11.63,11760,8.47,72.1,High"
"13.16,15716,10.13,73.41,High"
"12.98,14122,10.18,70.12,High"
"12.57,11879,8.18,71.11,High"
"13.26,14393,8.67,70.46,High"
"13.91,14711,8.92,65.31,High"
"12.59,11938,6.88,62.39,Normal"
"12.88,11950,7.34,67.36,Normal"
"13.17,18034,11.15,73.36,Very-High"
"14.13,15439,10.26,72.18,High"
"13.07,18520,11.17,73.01,Very-High"
"12.63,12587,8.81,68.99,High"
"13.34,23888,11.64,74.2,Very-High"
"13.96,17733,11.67,74.54,Very-High"
"13.26,17365,11.39,74.19,Very-High"
"12.81,20801,10.78,73.69,Very-High"
"12.64,18762,10.81,73.35,Very-High"
"12.61,10934,8.61,73.23,High"
"12.49,10410,8.31,71.36,High"
"12.24,8850,7.1,71.21,Normal"
"12,8052,7.19,70.32,Normal"
"12.7,10307,09.07,73.72,High"
"12.03,7961,7.53,71.59,Normal"
"12.54,7829,7.48,69.67,Normal"
"14.2,9259,7.9,72.02,High"
"12.23,9409,7.8,73.78,Normal"
"12.27,10368,7.1,72.18,Normal"
"12.23,9591,7.31,70.46,Normal"
"12.98,10262,8.52,72.62,High"
"12.26,9810,6.52,71.84,Normal"
"11.71,10854,7.11,72.58,Normal"
"12.12,11669,8.1,71.18,High"
"12.1,11522,7.78,72.33,High"
"13.1,11341,9.3,73.81,High"
"11.88,8546,8.2,72.52,Normal"
"12.08,9065,7.85,71.6,Normal"
"13.42,11716,10.53,73.82,High"
"13.58,10942,9.81,72.58,High"
"14.21,16996,10.99,74.46,Very-High"
"13.13,11810,10.12,72.44,High"
"14.1,15903,11.31,75.19,Very-High"
"13.93,15420,11.46,74.62,Very-High"
"13.81,12019,11.08,74.21,High"
"13.46,10213,9.52,72.34,High"
"13.24,10476,8.77,71.19,High"
"12.77,11034,7.75,74.47,High"
"12.63,10534,07.09,73.9,High"
"13.03,11546,7.63,73.8,High"
"12,10032,7.25,73.21,Normal"
"11.63,9407,6.75,74.28,Normal"
"13.35,9028,7.55,73.55,High"
"13.51,10275,8.21,74.87,High"
"11.76,10760,6.82,71.94,Normal"
"12.55,9440,7.79,73.88,High"
"12.57,13031,7.85,76.03,High"
"13.39,12017,8.81,76.86,High"
"13.84,11428,9.35,77.73,High"
"12.5,9429,7.34,76.28,High"
"13.69,11509,8.57,77.55,High"
"12.84,12679,7.66,75.79,High"
"12.44,10294,7.11,74.84,High"
"12.35,9669,6.99,74.51,Normal"
"12.12,10519,7.3,74.61,High"
"12.94,10506,7.48,76.27,High"
"13.24,11272,8.76,76.68,High"
"12.76,10536,7.79,75.91,High"
"13.32,10248,7.86,75.46,High"
"12.98,12070,08.03,75.79,High"
"12.32,9408,7.25,75.64,Normal"
"12.96,11608,7.46,74.48,High"
"12.13,9524,6.88,74.74,Normal"
"12.42,10409,7.17,73.74,High"
"11.96,8573,6.45,73.53,Normal"
"12.89,9700,6.99,71.72,Normal"
"12.05,10152,6.22,69.54,Normal"
"14.15,12349,10.62,76.93,High"
"14.88,14911,10.9,77.32,Very-High"
"15.42,15843,10.66,77.55,Very-High"
"15.53,15425,10.78,77.51,Very-High"
"12.85,12598,9.18,74.44,High"
"13.07,13143,8.73,74.54,High"
"15.64,14111,9.64,75.04,Very-High"
"14.27,10069,09.02,75.27,High"
"15.38,15545,9.57,73.89,Very-High"
"12.98,9505,7.3,74.19,High"
"16.74,16060,10.92,74.92,Very-High"
"17.6,18801,11.72,74.76,Very-High"
"13.36,11707,7.88,71.38,High"
"12.65,8887,7.61,72.07,Normal"
"13.74,9851,7.55,72.85,High"
"12.47,9743,7.56,73.86,High"
"13.32,10807,8.34,74.16,High"
"12.63,10757,7.5,73.61,High"
"13.44,11127,08.08,72.65,High"
"13.24,10163,7.43,72.61,High"
"11.88,9203,6.67,70.21,Normal"
"13.43,9410,6.49,69.28,Normal"
"13.1,12217,7.42,70.72,High"
"13.29,10690,5.94,66.89,Normal"
"13.16,9996,6.62,69.24,Normal"
"12.36,10969,6.12,67.36,Normal"
"12.58,10297,7.41,70.25,Normal"
"14.94,14578,10.72,74.06,Very-High"
"12.95,12844,8.64,72.59,High"
"13.57,11394,8.55,72.49,High"
"12.87,12172,7.78,71.6,High"
"13.17,11658,7.82,71.5,High"
"14.04,11833,8.36,72.65,High"
"12.83,11459,7.26,72.41,High"
"12.68,10221,7.38,71.72,Normal"
"12.22,10380,7.18,71.56,Normal"
"13.77,11510,08.04,72.49,High"
"13.77,13280,9.56,72.67,High"
"11.73,8673,5.96,70.22,Normal"
"12.38,8790,4.86,68.07,Normal"
"13.65,8804,6.7,67.67,Normal"
"13.33,9000,5.92,71.56,Normal"
"15.27,12359,10.15,74.04,High"
"14.33,13816,10.35,73.86,High"
"15.75,16663,10.41,73.36,Very-High"
"13.6,12245,8.95,70.35,High"
"13.63,13354,9.33,71.6,High"
"14.01,13610,10.47,73.39,High"
"14.41,16095,11.37,72.83,Very-High"
"14.81,17862,10.5,74.18,Very-High"
"14.16,12887,9.31,72.65,High"
"13.02,12033,8.93,70.02,High"
"13.49,8635,7.11,64.79,Normal"
"11.98,8724,6.41,67.33,Normal"
"12.84,12273,8.61,69.93,High"
"12.58,10713,7.51,64.76,Normal"
"13.87,14575,10.83,71.6,High"
"13.18,13041,10.08,66.69,High"
"12.79,13281,8.89,68.12,High"
"14.66,15751,11.82,72.47,Very-High"
"13.4,13820,09.06,72.24,High"
"12.92,11675,8.35,72.46,High"
"13.01,14326,9.14,73.75,High"
"13.99,17327,10.62,75.18,Very-High"
"13.97,14391,9.29,73.78,High"
"13,11287,8.14,71.41,High"
"12.35,11201,7.18,70.62,Normal"
"12.42,10175,6.33,70.56,Normal"
"13.08,13362,7.25,71.95,High"
"14.09,19598,11.48,74.93,Very-High"
"13.9,10377,7.38,66.69,Normal"
"13.95,11334,6.42,67.19,Normal"
"13.85,9962,6.29,66.38,Normal"
"13.9,9450,6.71,66.16,Normal"
"13.07,9167,8.15,67.73,Normal"
"13.53,8899,8.72,66.99,Normal"
"13.39,8495,7.91,66.5,Normal"
"13.64,11548,8.72,68.31,High"
"12.76,9057,06.04,67.36,Normal"
"15.64,14999,9.54,71.88,High"
"15.04,11135,10.65,70.5,High"
"13.2,7554,7.69,67.15,Normal"
"13.12,7307,6.84,67.12,Normal"
"12.83,9354,7.32,65.16,Normal"
"13.86,7476,7.39,64.91,Normal"
"12.58,6839,6.74,66.46,Normal"
"13.32,6324,7.96,67.09,Normal"
"12.28,7431,7.36,64.89,Normal"
"12.24,6751,8.42,61.64,Normal"
"12.43,7257,8.23,67.2,Normal"
"12.92,7578,7.72,65.31,Normal"
"13.43,8021,6.95,67.45,Normal"
"13.79,9027,08.03,65.43,Normal"
"12.71,8819,8.53,68.12,Normal"
"13.69,7133,7.61,67.11,Normal"
"13.19,6503,7.71,64.88,Normal"
"12.29,7410,7.56,67.46,Normal"
"13.04,6061,6.47,68.42,Normal"
"13.07,6355,6.35,68.57,Normal"
"12.49,8254,7.9,67.25,Normal"
"12.26,5780,7.35,68.07,Normal"
"13.15,5256,6.66,60.66,Low"
"12.79,5861,7.1,65.01,Normal"
"16.41,13218,11.6,69.73,High"
"12.65,8974,7.45,70.76,Normal"
"12.63,9828,6.72,69.08,Normal"
"12.1,9193,6.8,73.84,Normal"
"12.43,7431,7.12,73.04,Normal"
"12.65,7758,07.04,71.18,Normal"
"11.59,8328,7.39,71.42,Normal"
"11.81,9209,7.46,71.11,Normal"
"12.04,8708,07.08,71.84,Normal"
"12.08,7168,7.53,72.53,Normal"
"11.89,7462,6.85,72.05,Normal"
"11.17,8415,6.91,72.98,Normal"
"11.84,7920,06.02,68.48,Normal"
"13.87,8630,7,70.69,Normal"
"15.01,14610,10.43,73.12,High"
"12.91,11767,7.9,72.18,High"
"12.74,11182,8.64,69.79,High"
"12.73,13117,8.53,70.68,High"
"12.85,11866,8.15,69.9,High"
"12.93,11148,7.6,68.78,Normal"
"12.66,11492,8.95,67.19,High"
"12.5,9951,8.85,71.3,High"
"12.13,8773,08.09,71.56,Normal"
"12.49,11234,8.43,69.39,High"
"12,9420,7.96,69.26,Normal"
"12.81,10568,8.68,65.87,Normal"
"12.42,10082,8.19,68.1,Normal"
"11.9,10809,9.18,70.46,High"
"12.84,11322,9.23,68.31,High"
"11.76,10449,7.61,69.53,Normal"
"14.96,14070,11.53,73.24,Very-High"
"12.81,12143,8.34,68.83,High"
"12.31,11310,7.89,69.59,Normal"
"11.95,11720,7.46,69.32,Normal"
"12.73,12707,7.52,67.41,Normal"
"12.4,9868,7.55,66.27,Normal"
"11.95,11952,7.77,70.57,High"
"12.38,12736,7.76,66.12,Normal"
"12.21,12280,08.01,66.2,Normal"
"12.92,9644,7.75,64.1,Normal"
"12.89,11470,9.11,70.57,High"
"12.48,11844,7.97,70.45,High"
"12.47,11500,7.69,67.85,Normal"
"13.94,14432,10.2,71.29,High"
"14.82,13789,10.96,72.1,High"
"13.81,12116,9.84,74.61,High"
"13.25,10673,8.79,72.88,High"
"13.02,10062,8.7,73.1,High"
"13.6,11048,9.23,72.64,High"
"12.9,10868,9.43,73.46,High"
"13.33,12435,9.53,72.32,High"
"12.57,11651,8.36,71.68,High"
"12.61,7802,8.18,72.33,Normal"
"14.22,14862,10.91,74.76,Very-High"
"15.09,14582,10.49,74.54,Very-High"
"13.17,16765,10.8,74.55,Very-High"
"12.94,9075,9.11,72.65,High"
"13.31,9928,9.4,71.49,High"
"13.01,9423,9.19,72.74,High"
"12.22,7676,8.8,71.49,Normal"
"12.65,7064,8.17,71.4,Normal"
"14.03,11261,9.98,74.04,High"
"12.94,10882,9.62,71.76,High"
"11.53,10220,08.03,69.45,Normal"
"14.15,12481,9.73,71.16,High"
"12.47,11524,8.34,70.18,High"
"12.59,8558,9.72,70.24,Normal"
"12.83,11554,09.09,70.01,High"
"12.92,11481,10,71.4,High"
"12.17,9143,8.41,67.73,Normal"
"11.86,8145,09.03,70.87,Normal"
"12.43,10479,9.11,70.21,High"
"12.3,8939,8.15,64.49,Normal"
"11.86,9115,7.93,67.94,Normal"
"14.16,13991,11.42,71.9,High"
"12.62,12271,9.89,71.1,High"
"14.21,11851,10.74,72.06,High"
"12.88,10848,10.31,70.6,High"
"13.23,9378,8.89,68.83,Normal"
"13.07,7453,8.44,66.59,Normal"
"13.25,9603,8.53,70.88,High"
"13.35,11028,9.34,69.23,High"
"13.71,8850,9.5,71.19,High"
"12.51,8002,7.98,67.5,Normal"
"12.89,7947,8.76,66.18,Normal"
"13.1,7974,09.08,69.05,Normal"
"12.48,9675,7.74,64.35,Normal"
"12.29,7621,8.4,65.9,Normal"
"12.88,8171,8.82,70.09,Normal"
"12.96,7707,8.63,65.67,Normal"
"12.25,8890,8.72,69.71,Normal"
"16.28,14894,11.72,71.09,Very-High"
"13.52,11184,8.46,70.66,High"
"12.66,9060,08.08,68.52,Normal"
"13.41,10632,7.82,68.1,Normal"
"12.05,11829,6.77,70.6,Normal"
"12.1,9215,6.6,66.49,Normal"
"12.42,10543,7.49,67.3,Normal"
"13.65,9504,8.2,70.45,High"
"13.06,9505,7.78,67.38,Normal"
"13.16,11032,08.01,69.04,High"
"12.77,11519,7.92,66.78,Normal"
"13.59,11017,8.24,69.07,High"
"12.98,9030,7.23,67.21,Normal"
"13.05,9558,7.82,69.81,Normal"
"13.15,12505,07.05,67.48,Normal"
"12.95,12201,7.94,70.01,High"
"13.24,11956,7.87,69.77,High"
"13.71,10973,8.91,70.93,High"
"13.39,10116,8.35,70.44,High"
"13.86,7434,8.51,73.4,Normal"
"12.57,11736,7.86,68.67,High"
"12.84,12886,8.81,70.63,High"
"13.39,8134,8.25,73.41,Normal"
"15.58,17097,11.43,72.13,Very-High"
"14.51,13786,10.65,71.31,High"
"15.09,13117,10.94,70.92,High"
"13.68,9381,9.13,71.27,High"
"13.76,7324,7.92,68.39,Normal"
"13.8,8218,8.46,70.41,Normal"
"13.01,10151,9.21,70.32,High"
"12.83,12525,8.99,71.21,High"
"12.37,9059,8.11,70.87,Normal"
"11.85,8310,08.04,69.09,Normal"
"13.51,9280,8.16,70.48,Normal"
"12.15,10244,8.22,70.36,Normal"
"12.92,7496,8.93,70.93,Normal"
"13.08,9181,9.3,69.53,High"
"12.69,7753,7.84,72.82,Normal"
"12.32,6738,9.42,68.43,Normal"
"12.51,7502,7.3,70.35,Normal"
"13.12,7244,7.31,67.69,Normal"
"13.24,7279,7.54,67.69,Normal"
"16.89,14356,12.51,73.83,Very-High"
"15.17,10503,10.91,71.25,High"
"13.11,10157,7.9,68.19,Normal"
"12.45,8940,7,69.3,Normal"
"13.18,9412,7.3,67.69,Normal"
"12.38,10409,7.26,64.3,Normal"
"13.65,10198,8.32,68.52,High"
"12.46,9064,7.15,65.93,Normal"
"14.5,12390,10.37,72.53,High"
"12.86,9153,7.96,65.25,Normal"
"13.62,10028,8.91,61.77,Normal"
"13.38,8548,7.44,62.53,Normal"
"12.36,7736,7.88,70.94,Normal"
"13.24,9494,7.96,67.77,Normal"
"11.95,11072,08.09,66.45,Normal"
"12.53,8408,7.51,68.55,Normal"
"13.97,8770,10.03,66.09,Normal"
"12.3,6335,9.69,63.45,Normal"
"12.82,7580,9.76,65.14,Normal"
"14.17,10243,9.68,66.45,High"
"13.04,10347,8.79,66.44,Normal"
"12.31,7623,8.83,62.96,Normal"
"13.48,8720,8.92,61.85,Normal"
"12.77,9480,8.46,59.62,Normal"
"12.35,6918,8.59,62.55,Normal"
"12.7,7600,7.95,66.36,Normal"
"16.04,14148,12.2,70.63,Very-High"
"13.98,7405,10.53,65.68,Normal"
"13.68,8140,09.09,68.45,Normal"
"13.2,7467,8.37,66.34,Normal"
"13.11,7966,09.01,64.15,Normal"
"12.77,7040,9,63.39,Normal"
"12.79,7142,8.1,65.93,Normal"
"13.61,7519,8.62,69.61,Normal"
"12.76,7973,8.27,69.08,Normal"
"12.93,6378,7.4,67.35,Normal"
"12.65,6467,7.67,62.22,Normal"
"15.75,13290,11.81,71.06,Very-High"
"14.32,8316,9.95,69.43,High"
"13.13,7929,7.69,66.14,Normal"
"14.63,7446,8.97,68.5,Normal"
"12.41,8151,8.58,64.93,Normal"
"11.63,8034,07.08,60.24,Normal"
"12.42,9708,8.22,60.99,Normal"
"13.66,11977,8.34,68.82,High"
"13.17,6188,7.49,66.39,Normal"
"13.72,7350,8.33,66.22,Normal"
"12.06,7882,08.02,64.83,Normal"
"12.18,4903,5.39,60.2,Low"
"13.47,5245,6.96,65.25,Low"
"12.35,5505,6.63,67.6,Low"
"11.72,5009,5.12,67.26,Low"
"14.39,13744,11.19,70.93,High"
"11.11,6955,6.76,65.93,Normal"
"14.14,10201,8.73,67.07,High"
"12.53,7545,5.6,59.9,Low"
"14.39,9989,10.05,67.16,High"
"12.18,8856,10.01,68.15,Normal"
"12.74,7491,9.47,69.17,Normal"
"14.2,9607,10.34,68.29,High"
"10.5,6377,4.77,66.62,Low"
"7.49,5289,3.74,65.33,Low"
"12.69,11400,10.18,72.36,High"
"11.08,7864,8.79,60.32,Normal"
"10.79,6327,6.51,65.31,Low"
"9.3,5736,05.08,58.59,Low"
"7.62,4895,4.27,66.05,Low"
"6.47,5429,03.04,64.54,Low"
"8.61,4841,3.65,65.83,Low"
"12.29,6617,8.83,66.46,Normal"
"12.43,8926,08.02,66.78,Normal"
"12.8,6788,9.21,66.42,Normal"
"13,5708,8.87,66.06,Normal"
"11.8,4603,5.87,58,Low"
"3.87,3976,1.42,55.43,Low"
"8.89,4393,3.43,66.11,Low"
"9.22,4487,3.33,63.75,Low"
"9.32,4664,03.01,65.49,Low"
"5.4,5412,2.16,65.86,Low"
"10.59,5415,4.94,65.85,Low"
"7.66,5328,03.09,65.69,Low"
"9.82,4673,3.25,65.36,Low"
"15.02,14937,11.57,70.52,Very-High"
"13.08,11156,8.54,71.57,High"
"14.31,9492,9.33,69.93,High"
"13.76,7085,9.34,65.26,Normal"
"14.31,8707,8.53,67.39,Normal"
"14.42,8089,8.87,64.35,Normal"
"14,8020,9.66,68.14,Normal"
"13.03,8489,8.15,68.72,Normal"
"14.27,10673,9.85,68.85,High"
"14.6,9516,9.37,67.98,High"
"14.72,9641,10.32,69.78,High"
"14.46,9816,8.99,66.94,High"
"14.83,8857,9.28,71.22,High"
"14.7,8122,8.63,68.8,Normal"
"13.58,8316,8.66,65,Normal"
"13.77,8791,8.2,65.47,Normal"
"13.59,8327,8.9,69.58,Normal"
"14.13,8216,8.68,69.22,Normal"
"13.98,9615,8.7,67.16,Normal"
"13.46,11098,9.79,69.22,High"
"14.82,10071,9.33,70.14,High"
"17.79,16778,12.65,71.45,Very-High"
"13.95,11273,11.14,70.51,High"
"15.35,12057,11.11,69.42,High"
"15.2,11367,10.91,71.6,High"
"14.61,7317,7.84,64.02,Normal"
"13.23,10420,9.54,69.1,High"
"12.57,6898,5.36,69.75,Normal"
"13.32,9684,8.62,62.6,Normal"
"13.24,11236,9.28,64.91,High"
"13.06,10071,8.62,67.15,Normal"
"13.69,11648,9.85,68.63,High"
"13.45,12154,10.52,70.08,High"
"12.73,11150,9.24,69.93,High"
"12.6,10890,8.79,68.26,High"
"12.78,11308,9.6,71.22,High"
"13.1,10350,9.58,69,High"
"12.76,12349,9.79,71.4,High"
"13.35,12225,10.09,71.73,High"
"13.05,11071,8.65,68.8,High"
"12.23,6974,5.85,68.74,Normal"
"13.28,7850,9.54,69.27,Normal"
"13.86,8170,09.03,65.74,Normal"
"13.47,8422,9.43,71.27,High"
"12.6,10950,8.54,68.68,High"
"12.63,10410,08.06,66.96,Normal"
"12.87,9987,9.37,67.17,Normal"
"13.03,8807,09.01,67.09,Normal"
"13,11495,8.75,68.71,High"
"13.04,11779,8.4,69.46,High"
"13.03,6064,6.58,69.43,Normal"
"12.94,5830,6.49,68.96,Normal"
"13.16,11473,10.4,69.01,High"
"12.5,11132,9.44,63.27,Normal"
"14.45,12372,11.16,73.55,High"
"12.72,12876,10.31,70.87,High"
"14.74,14890,11.39,73.14,Very-High"
"13.62,10997,10.93,72.38,High"
"14.54,10856,11,69.41,High"
"13.74,7980,8.61,71.19,Normal"
"14.02,10733,8.99,69.47,High"
"12.82,6281,07.09,64.73,Normal"
"13.32,9212,8.26,70.86,Normal"
"13.04,10171,7.86,68.58,Normal"
"12.37,10361,8.11,66.21,Normal"
"14.33,10588,8.61,69.94,High"
"13.67,10998,7.87,68.79,High"
"13.87,9651,8.96,72.37,High"
"13.29,9596,7.99,69.79,Normal"
"12.8,8425,08.09,67.4,Normal"
"12.71,10325,8.28,67.81,Normal"
"12.43,11273,8.47,71.33,High"
"13.61,9047,8.19,67.82,Normal"
"16.52,14481,11.58,73.65,Very-High"
"14.32,12117,11.03,73.61,High"
"13.17,10182,10.17,70,High"
"15.06,10734,11.62,72.82,High"
"14.97,13282,11.33,74.38,Very-High"
"14.26,13281,10.73,73.74,High"
"14.54,12796,10.59,70.28,High"
"13.2,10675,9.14,71.6,High"
"13.33,10243,8.59,68.55,High"
"12.36,10202,8.38,70.25,Normal"
"11.91,9954,7.23,67.85,Normal"
"12.24,11606,8.5,71.16,High"
"12.76,11799,9.66,71.11,High"
"13.46,10796,9.26,70.76,High"
"12.84,9374,8.39,70.06,Normal"
"12.87,11331,9.69,71.2,High"
"12.68,9362,8.25,70.3,Normal"
"12.82,7790,7.7,67.68,Normal"
"15.54,14433,11.68,72.34,Very-High"
"13.12,11751,10.07,70.93,High"
"12.98,10392,8.55,71.16,High"
"13.87,9995,8.55,69.93,High"
"11.99,10279,7.76,71.26,Normal"
"12.27,11616,7.87,69.17,Normal"
"12.92,9825,8.11,70.56,Normal"
"12.83,8556,8.57,71.27,Normal"
"12.16,9026,6.7,66.23,Normal"
"12.62,9480,7.71,68.12,Normal"
"12.6,10389,7.58,69.99,Normal"
"12.62,11471,8.27,67.74,Normal"
"15.1,12056,10.92,72.65,High"
"14.79,10248,10.32,72.11,High"
"12.45,10652,8.24,69.88,High"
"12.6,10020,8.7,68.2,Normal"
"11.42,10725,07.04,68.61,Normal"
"11.97,10951,7.79,68.9,Normal"
"12.34,9730,8.46,66.04,Normal"
"12.08,9520,7.52,68.14,Normal"
"12,10088,7.62,68.75,Normal"
"11.75,9850,7.2,68.97,Normal"
"11.75,8580,7.84,67.04,Normal"
"12.23,11505,7.55,69.1,Normal"
"12.3,10424,7.86,65.48,Normal"
"12.06,9350,7.6,65.08,Normal"
"12.05,8196,07.04,68.27,Normal"
"11.57,9783,6.84,65.68,Normal"
"14.41,14679,10.53,70.79,High"
"12.91,12723,9.96,70.32,High"
"12.85,8795,9.39,66.71,Normal"
"13.37,13243,9.89,69.25,High"
"13.61,10380,8.84,69.35,High"
"13.61,9837,9.26,67.9,High"
"13.83,10234,8.28,68.57,High"
"12.87,10263,7.87,68.19,Normal"
"12.99,8593,8.37,66.63,Normal"
"13.28,8220,7.99,67.75,Normal"
"12.73,10266,8.29,66.64,Normal"
"12.57,11124,7.99,63.29,Normal"
"12.9,9273,8.24,67.95,Normal"
"13.03,9392,7.47,68.19,Normal"
"16.02,13938,11.79,70.13,Very-High"
"12.65,9982,08.05,70.65,Normal"
"12.25,9929,08.06,67.58,Normal"
"12.18,9250,7.22,68.56,Normal"
"12.5,9875,7.69,69.33,Normal"
"12.85,9983,7.6,70.73,Normal"
"12.92,11219,7.58,69.84,High"
"12.48,8733,8.21,69.21,Normal"
"12.36,9102,7.7,69.4,Normal"
"11.89,10683,7.49,69.97,Normal"
"12.36,7892,7.7,69.04,Normal"
"12.83,10262,8.38,70.08,High"
"11.63,7894,6.88,68.19,Normal"
"12.05,8395,7.24,70,Normal"
"11.99,8457,08.01,63.5,Normal"
"14.64,12197,10.93,71.37,High"
"14.47,11906,10.96,71.63,High"
"12.05,12794,08.06,70.64,High"
"12.77,12416,8.24,71.06,High"
"11.85,13554,8.46,71.05,High"
"11.53,12233,7.22,70.06,Normal"
"11.81,12909,7.19,71.36,High"
"11.37,11757,6.67,68.16,Normal"
"11.52,11730,8.22,72.03,High"
"13.15,15663,9.92,73.3,High"
"12.87,14209,10.12,69.96,High"
"12.42,11885,8.17,70.91,High"
"13.1,14482,8.44,70.38,High"
"13.9,14705,8.73,65.06,High"
"12.45,11998,6.67,62.06,Normal"
"12.81,11875,7.17,67.21,Normal"
"13.16,18095,11.14,73.33,Very-High"
"14.12,15498,10.25,72.1,High"
"12.98,18227,11.13,72.91,Very-High"
"12.57,12412,8.68,68.76,High"
"13.33,23575,11.63,74.12,Very-High"
"13.86,17438,11.66,74.47,Very-High"
"13.25,17179,11.38,74.11,Very-High"
"12.8,20468,10.63,73.62,Very-High"
"12.63,18437,10.8,73.28,Very-High"
"12.5,10845,8.55,73.04,High"
"12.48,10317,8.3,71.17,High"
"12.23,8823,07.07,70.97,Normal"
"11.99,7980,7.18,70.13,Normal"
"12.69,10201,8.96,73.53,High"
"11.91,7876,7.52,71.41,Normal"
"12.53,7852,7.35,69.47,Normal"
"14.06,9288,7.7,71.83,High"
"12.22,9459,7.57,73.59,Normal"
"12.25,10342,6.92,71.99,Normal"
"12.22,9521,7.27,70.27,Normal"
"12.97,10217,8.51,72.43,High"
"12.25,9859,6.3,71.63,Normal"
"11.7,10790,7.1,72.35,Normal"
"12.11,11614,08.09,70.99,High"
"12.09,11315,7.77,72.15,High"
"13.09,11241,9.12,73.68,High"
"11.87,8455,8.19,72.34,Normal"
"12.07,9084,7.74,71.4,Normal"
"13.41,11564,10.33,73.61,High"
"13.47,10999,9.59,72.42,High"
"14.2,16887,10.75,74.28,Very-High"
"13.12,11800,9.91,72.26,High"
"14,15776,11.16,75.01,Very-High"
"13.92,15281,11.28,74.44,Very-High"
"13.8,12025,10.96,74.03,High"
"13.45,10263,9.33,72.15,High"
"13.23,10535,8.63,70.99,High"
"12.7,10930,7.69,74.37,High"
"12.5,10440,6.97,73.73,Normal"
"12.85,11448,7.52,73.72,High"
"11.99,9914,7.24,73.14,Normal"
"11.46,9263,6.74,74.18,Normal"
"13.34,8901,7.54,73.4,Normal"
"13.5,10163,8.12,74.72,High"
"11.75,10621,6.81,71.82,Normal"
"12.54,9301,7.78,73.72,Normal"
"12.56,12910,7.84,75.95,High"
"13.25,11921,8.58,76.78,High"
"13.83,11325,9.34,77.65,High"
"12.49,9286,7.33,76.16,High"
"13.68,11428,8.56,77.47,High"
"12.83,12589,7.65,75.71,High"
"12.3,10221,6.91,74.75,Normal"
"12.2,9571,6.83,74.41,Normal"
"12.11,10328,7.16,74.55,High"
"12.65,10390,7.44,76.22,High"
"13.23,11160,8.75,76.6,High"
"12.75,10343,7.68,75.84,High"
"13.31,10128,7.71,75.4,High"
"12.97,11966,08.02,75.73,High"
"12.14,9343,7.24,75.58,Normal"
"12.95,11425,7.45,74.43,High"
"12.01,9431,6.87,74.69,Normal"
"12.41,10312,6.91,73.69,Normal"
"11.95,8461,6.42,73.4,Normal"
"12.67,9612,6.98,71.6,Normal"
"12.04,10058,6.21,69.33,Normal"
"14.14,12210,10.39,76.85,High"
"14.87,14761,10.69,77.22,Very-High"
"15.41,15699,10.42,77.4,Very-High"
"15.52,15243,10.53,77.34,Very-High"
"12.84,12467,8.96,74.38,High"
"13.05,12999,8.51,74.46,High"
"15.59,14015,9.55,74.99,High"
"14.26,10041,8.86,75.24,High"
"15.17,15517,9.55,73.86,Very-High"
"12.97,9486,7.21,74.12,Normal"
"16.73,15926,10.91,74.81,Very-High"
"17.43,18678,11.46,74.65,Very-High"
"13.19,11601,7.78,71.3,High"
"12.64,8796,7.6,71.94,Normal"
"13.73,9670,7.54,72.77,High"
"12.35,9630,7.55,73.75,Normal"
"13.31,10705,8.33,74.08,High"
"12.46,10654,7.39,73.52,High"
"13.15,11000,08.02,72.61,High"
"13.18,10028,7.42,72.55,High"
"11.81,9088,6.4,70.1,Normal"
"13.42,9294,6.48,69.15,Normal"
"12.8,12140,7.16,70.65,High"
"13.28,10610,5.93,66.74,Normal"
"13.15,9857,6.46,69.13,Normal"
"12.35,10859,6.11,67.2,Normal"
"12.41,10164,7.4,70.23,Normal"
"14.93,14458,10.5,74.04,Very-High"
"12.88,12779,8.51,72.53,High"
"13.27,11261,8.54,72.4,High"
"12.86,12130,7.64,71.54,High"
"13.16,11574,7.81,71.38,High"
"14.03,11776,8.24,72.59,High"
"12.7,11418,07.06,72.3,High"
"12.39,10121,7.33,71.56,Normal"
"12.21,10238,6.95,71.43,Normal"
"13.48,11456,7.92,72.4,High"
"13.73,13246,9.3,72.66,High"
"11.6,8610,5.95,70.18,Normal"
"12.37,8739,4.85,68.03,Normal"
"13.64,8739,6.69,67.58,Normal"
"13.2,8888,5.71,71.41,Normal"
"15.26,12239,9.93,74.02,High"
"14.32,13733,10.11,73.75,High"
"15.51,16593,10.18,73.27,Very-High"
"13.59,12180,8.7,70.29,High"
"13.62,13281,9.12,71.52,High"
"14,13499,10.25,73.32,High"
"14.4,16018,11.14,72.81,Very-High"
"14.8,17755,10.49,74.18,Very-High"
"14.13,12824,09.07,72.61,High"
"12.89,11964,8.89,69.96,High"
"13.47,8572,7.1,64.66,Normal"
"11.97,8690,6.4,67.21,Normal"
"12.82,12203,8.39,69.89,High"
"12.57,10665,7.5,64.64,Normal"
"13.85,14484,10.69,71.6,High"
"13.16,13010,9.87,66.67,High"
"12.78,13212,8.76,68,High"
"14.47,15667,11.81,72.47,Very-High"
"13.33,13929,8.95,72.13,High"
"12.65,11790,8.23,72.35,High"
"13,14494,8.88,73.65,High"
"13.98,17503,10.39,75.1,Very-High"
"13.89,14544,09.04,73.68,High"
"12.99,11376,8.13,71.25,High"
"12.34,11268,7.17,70.52,Normal"
"12.41,10237,6.32,70.47,Normal"
"13.07,13463,7.24,71.83,High"
"14,19723,11.47,74.82,Very-High"
"13.7,10351,7.31,66.51,Normal"
"13.71,11304,6.41,66.94,Normal"
"13.67,9952,6.28,66.21,Normal"
"13.69,9409,6.7,65.97,Normal"
"13.06,9146,7.92,67.54,Normal"
"13.32,8889,8.44,66.82,Normal"
"13.29,8468,7.78,66.33,Normal"
"13.62,11536,8.66,68.07,High"
"12.72,9006,5.91,67.17,Normal"
"15.59,14968,9.46,71.76,High"
"15,11105,10.49,70.38,High"
"13.18,7598,7.63,67.01,Normal"
"13.11,7321,6.6,67.08,Normal"
"12.82,9406,7.12,65.13,Normal"
"13.85,7526,7.38,64.63,Normal"
"12.57,6861,6.73,66.42,Normal"
"13.31,6364,7.81,66.96,Normal"
"12.27,7479,7.35,64.61,Normal"
"12.23,6786,8.41,61.48,Normal"
"12.42,7305,8.22,67.07,Normal"
"12.91,7631,7.71,65.2,Normal"
"13.16,8081,6.94,67.24,Normal"
"13.78,9094,7.81,65.29,Normal"
"12.7,8865,8.52,68.04,Normal"
"13.41,7203,7.37,67.03,Normal"
"13.18,6539,7.59,64.6,Normal"
"12.28,7468,7.3,67.38,Normal"
"12.96,6108,6.25,68.38,Normal"
"13.06,6372,6.34,68.53,Normal"
"12.48,8309,7.89,67.13,Normal"
"11.99,5818,07.08,68.04,Normal"
"13.14,5265,6.65,60.64,Low"
"12.78,5901,6.87,64.97,Normal"
"16.4,13337,11.58,69.55,High"
"12.6,8930,7.37,70.69,Normal"
"12.61,9858,6.71,68.93,Normal"
"12.09,9102,6.76,73.83,Normal"
"12.4,7357,7.11,72.84,Normal"
"12.39,7801,07.03,71.04,Normal"
"11.57,8245,7.15,71.42,Normal"
"11.8,9163,7.31,71.1,Normal"
"12.03,8728,07.07,71.71,Normal"
"12.05,7162,7.52,72.52,Normal"
"11.88,7434,6.83,71.84,Normal"
"11.16,8332,6.76,72.97,Normal"
"11.82,7842,06.01,68.28,Normal"
"13.82,8709,6.83,70.59,Normal"
"15,14465,10.17,72.96,High"
"12.9,11650,7.89,72.06,High"
"12.66,11154,8.59,69.74,High"
"12.72,13109,8.42,70.59,High"
"12.84,11854,8.13,69.85,High"
"12.92,11015,7.59,68.74,Normal"
"12.55,11486,8.82,67.09,High"
"12.49,9936,8.71,71.3,High"
"12.12,8674,08.01,71.53,Normal"
"12.48,11190,8.42,69.36,High"
"11.99,9370,7.94,69.26,Normal"
"12.67,10548,8.67,65.78,Normal"
"12.41,10047,8.18,68.04,Normal"
"11.78,10793,9.14,70.4,High"
"12.83,11319,9.21,68.22,High"
"11.75,10419,7.54,69.51,Normal"
"14.95,14055,11.52,73.21,Very-High"
"12.68,12032,8.29,68.66,High"
"12.01,11207,7.88,69.45,Normal"
"11.93,11530,7.43,69.21,Normal"
"12.44,12603,7.35,67.21,Normal"
"12.39,9805,7.34,66.09,Normal"
"11.94,11841,7.76,70.4,High"
"12.17,12672,7.75,65.97,Normal"
"12.2,12153,8,66.01,Normal"
"12.91,9527,7.53,63.83,Normal"
"12.72,11283,9.1,70.44,High"
"12.37,11718,7.96,70.34,High"
"12.46,11452,7.55,67.72,Normal"
"13.93,14306,9.95,71.13,High"
"14.81,13675,10.95,71.99,High"
"13.72,11728,9.77,74.33,High"
"13.1,10344,8.55,72.62,High"
"12.9,9712,8.47,72.86,High"
"13.59,10720,9.22,72.34,High"
"12.89,10485,9.19,73.16,High"
"13.32,12018,9.52,72.06,High"
"12.56,11231,8.28,71.41,High"
"12.51,7524,7.97,72.1,Normal"
"14.14,14549,10.68,74.49,Very-High"
"14.89,14135,10.48,74.27,Very-High"
"13.03,16278,10.79,74.28,Very-High"
"12.93,8756,9,72.59,High"
"13.3,9611,9.39,71.45,High"
"13,9121,8.94,72.66,High"
"12.21,7381,8.54,71.42,Normal"
"12.64,6804,8,71.34,Normal"
"14.02,10894,9.97,73.97,High"
"12.85,10791,9.49,71.69,High"
"11.52,10128,7.93,69.36,Normal"
"13.98,12395,9.59,71.08,High"
"12.32,11427,8.29,70.1,High"
"12.51,8505,9.51,70.16,Normal"
"12.74,11481,09.08,69.92,High"
"12.8,11405,9.99,71.38,High"
"11.91,9062,8.4,67.66,Normal"
"11.67,8080,8.97,70.73,Normal"
"12.27,10408,8.88,70.15,High"
"12.29,8837,7.9,64.49,Normal"
"11.59,8998,7.83,67.89,Normal"
"14.15,13886,11.27,71.87,High"
"12.61,12193,9.88,71.07,High"
"14.2,11745,10.73,71.93,High"
"12.79,10744,10.1,70.47,High"
"13.17,9335,8.83,68.69,Normal"
"13.06,7429,8.43,66.31,Normal"
"13.24,9554,8.52,70.88,High"
"13.34,10993,9.33,69.18,High"
"13.7,8808,9.41,71.18,High"
"12.49,7960,7.97,67.33,Normal"
"12.73,7917,8.51,65.9,Normal"
"13.09,7942,8.86,68.76,Normal"
"12.47,9641,7.48,64.3,Normal"
"12.28,7606,8.39,65.67,Normal"
"12.87,8126,8.6,69.99,Normal"
"12.95,7663,8.62,65.38,Normal"
"12.24,8853,8.71,69.61,Normal"
"16.23,14839,11.61,71.04,Very-High"
"13.45,11079,8.38,70.57,High"
"12.65,8970,7.88,68.46,Normal"
"13.17,10513,7.67,67.92,Normal"
"12.04,11632,6.72,70.54,Normal"
"11.98,9114,6.59,66.39,Normal"
"12.41,10454,7.29,67.18,Normal"
"13.64,9394,8.19,70.43,High"
"13.05,9439,7.75,67.3,Normal"
"13.04,10963,7.73,69.02,Normal"
"12.76,11405,7.66,66.66,Normal"
"13.58,10923,8.23,69.02,High"
"12.88,8963,7.15,67.07,Normal"
"12.9,9483,7.81,69.65,Normal"
"13.14,12386,6.81,67.35,Normal"
"12.94,12073,7.84,69.83,High"
"13.23,11844,7.86,69.61,High"
"13.7,10844,8.9,70.91,High"
"13.33,10014,8.24,70.34,High"
"13.8,7217,8.26,73.3,Normal"
"12.43,11562,7.79,68.51,Normal"
"12.83,12814,8.8,70.53,High"
"13.38,8097,7.96,73.39,Normal"
"15.57,16873,11.21,72.09,Very-High"
"14.5,13663,10.45,71.27,High"
"15.08,12995,10.76,70.88,High"
"13.65,9331,09.04,71.22,High"
"13.75,7307,7.71,68.25,Normal"
"13.79,8203,8.36,70.39,Normal"
"13,10126,9.15,70.27,High"
"12.81,12515,8.98,71.06,High"
"12.36,9037,7.86,70.8,Normal"
"11.84,8234,08.03,68.91,Normal"
"13.5,9204,7.94,70.41,Normal"
"12.11,10218,8.12,70.36,Normal"
"12.76,7470,8.92,70.93,Normal"
"12.83,9165,9.21,69.51,Normal"
"12.41,7727,7.56,72.67,Normal"
"12.06,6700,9.41,68.43,Normal"
"12.5,7485,07.01,70.34,Normal"
"13,7221,7.3,67.66,Normal"
"13.23,7263,7.53,67.66,Normal"
"16.62,14335,12.2,73.77,Very-High"
"15.16,10483,10.64,71.19,High"
"13.08,10020,7.82,68.07,Normal"
"12.44,8789,6.82,69.07,Normal"
"13.17,9277,7.13,67.58,Normal"
"12.37,10255,7.12,64.07,Normal"
"13.57,10052,8.31,68.46,Normal"
"12.45,8921,07.03,65.87,Normal"
"14.34,12278,10.36,72.49,High"
"12.77,9168,7.89,65.06,Normal"
"13.61,10056,8.65,61.56,Normal"
"13.06,8580,7.41,62.38,Normal"
"12.05,7747,7.65,70.87,Normal"
"13.19,9500,7.95,67.52,Normal"
"11.93,11111,7.98,66.2,Normal"
"12.23,8414,7.46,68.33,Normal"
"13.96,8732,9.93,65.98,Normal"
"12.29,6297,9.68,63.42,Normal"
"12.81,7545,9.73,65.07,Normal"
"14.16,10210,9.67,66.42,High"
"13.03,10316,8.52,66.41,Normal"
"12.3,7586,8.82,62.87,Normal"
"13.44,8690,8.87,61.69,Normal"
"12.76,9453,8.43,59.41,Normal"
"12.27,6890,8.35,62.38,Normal"
"12.69,7566,7.94,66.27,Normal"
"16.03,14116,11.92,70.52,Very-High"
"13.97,7351,10.52,65.47,Normal"
"13.67,8032,09.04,68.33,Normal"
"13.19,7352,8.35,66.25,Normal"
"12.99,7841,9,63.91,Normal"
"12.74,6950,8.95,63.3,Normal"
"12.78,7068,7.93,65.86,Normal"
"13.6,7414,8.51,69.56,Normal"
"12.75,7876,8.26,68.88,Normal"
"12.77,6290,7.39,67.18,Normal"
"12.59,6390,7.66,62.1,Normal"
"15.74,13091,11.71,70.97,High"
"14.31,8188,9.73,69.34,High"
"12.91,8086,7.6,66.02,Normal"
"14.37,7599,8.84,68.47,Normal"
"12.13,8325,8.41,64.81,Normal"
"11.48,8219,6.98,60.1,Normal"
"12.31,9974,08.08,60.83,Normal"
"13.65,12207,8.25,68.68,High"
"13.16,6286,7.36,66.25,Normal"
"13.71,7495,8.17,66.1,Normal"
"12.03,8014,7.91,64.74,Normal"
"11.91,4998,5.24,60.13,Low"
"13.21,5336,6.85,65.19,Low"
"12.35,5505,6.63,67.58,Low"
"11.72,5099,5.12,67.24,Low"
"14.38,13954,11.14,70.7,High"
"11.08,6954,6.69,65.79,Normal"
"13.88,10097,8.72,67,High"
"12.27,7441,5.51,59.64,Low"
"14.2,9898,10.04,67.05,High"
"11.92,8840,10,68.06,Normal"
"12.73,7484,9.46,69.12,Normal"
"13.96,9705,10.33,68.25,High"
"10.49,6361,4.57,66.44,Low"
"7.24,5282,3.62,65.15,Low"
"12.4,11431,10.17,72.32,High"
"11.07,7947,8.78,59.97,Normal"
"10.55,6353,6.31,65.11,Low"
"09.02,5733,4.94,58.05,Low"
"7.61,4875,4.26,65.93,Low"
"6.25,5409,2.81,64.44,Low"
"8.6,4826,3.64,65.71,Low"
"12.05,6600,8.82,66.36,Normal"
"12.42,8910,08.01,66.69,Normal"
"12.79,6732,9.2,66.33,Normal"
"12.74,5677,8.81,65.94,Normal"
"11.79,4581,5.66,57.77,Low"
"3.61,3975,1.13,55.27,Low"
"8.62,4350,3.2,66.06,Low"
"8.93,4462,3.15,63.59,Low"
"9.11,4647,2.79,65.42,Low"
"5.39,5378,2.15,65.74,Low"
"10.58,5373,4.93,65.73,Low"
"7.65,5283,2.84,65.6,Low"
"9.81,4632,03.01,65.24,Low"
"15.01,14763,11.56,70.45,High"
"12.98,11013,8.48,71.47,High"
"14.3,9603,9.18,69.87,High"
"13.51,7210,09.08,65.22,Normal"
"14.3,8715,8.52,67.36,Normal"
"14.41,8187,8.59,64.27,Normal"
"13.99,8067,9.65,68.04,Normal"
"13.02,8600,7.86,68.67,Normal"
"14.26,10782,9.69,68.82,High"
"14.59,9692,09.09,67.93,High"
"14.71,9661,10.31,69.77,High"
"14.45,9824,8.82,66.89,High"
"14.82,8889,9.27,71.16,High"
"14.69,8189,8.46,68.79,Normal"
"13.57,8491,8.35,64.91,Normal"
"13.73,8845,7.91,65.38,Normal"
"13.58,8362,8.89,69.52,Normal"
"14.12,8348,8.5,69.14,Normal"
"13.97,9682,8.66,67.11,Normal"
"13.45,11124,9.78,69.19,High"
"14.54,10364,09.04,70.06,High"
"17.39,16892,12.64,71.36,Very-High"
"13.81,11444,11.13,70.45,High"
"15.34,12099,11.1,69.37,High"
"15.19,11421,10.9,71.52,High"
"14.21,7463,7.58,63.94,Normal"
"13.15,10649,9.45,68.95,High"
"12.39,7042,5.15,69.68,Normal"
"13.17,9900,8.36,62.51,Normal"
"13.12,11410,8.97,64.82,Normal"
"12.79,10175,8.48,67.08,Normal"
"13.68,11791,9.71,68.46,High"
"13.28,12375,10.36,69.93,High"
"12.67,11193,9.23,69.86,High"
"12.59,10983,8.49,68.11,Normal"
"12.77,11422,9.36,71.07,High"
"13.09,10602,9.34,68.79,High"
"12.75,12474,9.62,71.27,High"
"13.34,12317,10.08,71.61,High"
"12.81,11208,8.64,68.59,High"
"12.22,7105,5.53,68.58,Normal"
"13.27,7902,9.53,69.06,Normal"
"13.85,8402,8.73,65.59,Normal"
"13.46,8654,9.15,71.16,High"
"12.59,11061,8.53,68.46,High"
"12.62,10575,08.02,66.75,Normal"
"12.47,10194,9.1,67.06,Normal"
"13.02,9100,8.69,66.98,Normal"
"12.99,11553,8.74,68.64,High"
"12.82,11957,8.36,69.37,High"
"12.78,6245,6.25,69.29,Normal"
"12.71,6009,6.14,68.82,Normal"
"13.15,11656,10.18,68.77,High"
"12.49,11383,9.26,63.02,Normal"
"14.21,12571,11.15,73.33,High"
"12.71,12895,10.28,70.76,High"
"14.73,15033,11.38,72.98,Very-High"
"13.61,11260,10.77,72.25,High"
"14.53,11181,10.7,69.15,High"
"13.73,8058,8.58,71.02,Normal"
"14.01,10925,8.92,69.31,High"
"12.76,6429,07.08,64.68,Normal"
"13.31,9444,8.25,70.73,High"
"13.03,10309,7.85,68.34,Normal"
"12.36,10395,8.1,66.02,Normal"
"14.32,10709,8.45,69.73,High"
"13.62,11158,7.86,68.58,High"
"13.86,9780,8.85,72.17,High"
"13.28,9842,7.98,69.7,Normal"
"12.79,8599,7.86,67.18,Normal"
"12.7,10505,8.16,67.58,Normal"
"12.42,11431,8.46,71.1,High"
"13.4,9180,08.06,67.67,Normal"
"16.51,14728,11.34,73.57,Very-High"
"14.31,12337,11.02,73.45,High"
"13.16,10238,9.97,69.87,High"
"15.05,11013,11.45,72.77,High"
"14.96,13586,11.32,74.22,Very-High"
"14.25,13464,10.72,73.61,High"
"14.53,12958,10.37,70.15,High"
"13.14,11255,09.03,71.48,High"
"13.32,10820,8.58,68.44,High"
"12.35,10738,8.17,70.2,High"
"11.9,10382,7.22,67.66,Normal"
"12.17,12149,8.49,71.03,High"
"12.75,12347,9.65,71.03,High"
"13.45,11232,9.25,70.64,High"
"12.83,9979,8.38,69.89,Normal"
"12.86,11753,9.41,71.11,High"
"12.67,9672,8.24,70.17,Normal"
"12.81,8358,7.51,67.53,Normal"
"15.37,15206,11.43,72.22,Very-High"
"13.1,12453,9.85,70.82,High"
"12.93,10592,8.45,71.06,High"
"13.86,10198,8.21,69.82,High"
"11.98,10312,7.68,71.18,Normal"
"12.26,11679,7.76,69.09,Normal"
"12.91,10038,7.85,70.44,Normal"
"12.82,8697,8.33,71.18,Normal"
"12.01,9192,6.35,66.08,Normal"
"12.61,9539,7.7,68.03,Normal"
"12.39,10555,7.57,69.91,Normal"
"12.61,11662,8.15,67.61,Normal"
"14.9,12205,10.91,72.57,High"
"14.78,10510,10.08,72.01,High"
"12.39,10937,8.18,69.65,High"
"12.59,10261,8.69,68.01,Normal"
"11.41,11032,07.03,68.41,Normal"
"11.96,11285,7.78,68.63,Normal"
"12.33,10071,8.45,65.76,Normal"
"12.07,9795,7.51,67.86,Normal"
"11.99,10364,7.61,68.54,Normal"
"11.74,10135,7.19,68.76,Normal"
"11.74,8830,7.83,66.76,Normal"
"12.22,11753,7.54,68.87,Normal"
"12.29,10777,7.85,65.21,Normal"
"12.05,9594,7.39,64.81,Normal"
"11.9,8400,6.75,68.07,Normal"
"11.56,10223,6.5,65.43,Normal"
"14.4,15087,10.52,70.54,High"
"12.9,13072,9.72,70.09,High"
"12.84,9291,9.14,66.41,Normal"
"13.36,13586,9.81,69.04,High"
"13.59,10409,8.73,69.21,High"
"13.6,9813,09.02,67.79,High"
"13.68,10162,8.26,68.37,High"
"12.86,10336,7.86,68.04,Normal"
"12.98,8594,8.25,66.5,Normal"
"13.27,8209,7.91,67.56,Normal"
"12.72,10381,7.99,66.51,Normal"
"12.56,11177,7.9,63.12,Normal"
"12.89,9243,7.93,67.78,Normal"
"13.02,9435,7.22,68.12,Normal"
"16.01,14030,11.78,70.04,Very-High"
"12.63,10114,7.92,70.51,Normal"
"12.24,9970,7.85,67.43,Normal"
"12.17,9294,7.21,68.4,Normal"
"12.33,9978,7.68,69.2,Normal"
"12.84,10028,7.59,70.61,Normal"
"12.91,11154,7.57,69.75,High"
"12.47,8779,8.2,69.05,Normal"
"12.35,9292,7.39,69.27,Normal"
"11.88,10797,7.23,69.88,Normal"
"12.29,8059,7.6,68.88,Normal"
"12.82,10289,8.19,69.85,Normal"
"11.62,8144,6.61,68.04,Normal"
"12.04,8532,7.13,69.88,Normal"
"11.98,8652,7.82,63.27,Normal"
"14.53,12255,10.92,71.28,High"
"14.34,12017,10.64,71.55,High"
"11.94,12959,7.98,70.5,High"
"12.76,12480,8.23,70.99,High"
"11.84,13662,8.41,70.94,High"
"11.52,12275,7.21,69.99,Normal"
"11.76,13070,7.13,71.16,High"
"11.36,11910,6.42,67.9,Normal"
"11.51,11831,8.15,71.9,High"
"12.99,15883,9.8,73.17,High"
"12.83,14466,9.99,69.8,High"
"12.3,12136,7.92,70.71,High"
"12.95,14730,8.36,70.3,High"
"13.89,14821,8.72,64.81,High"
"12.44,12091,6.51,61.75,Normal"
"12.75,12065,6.91,67.06,Normal"
"13.15,18146,11.13,73.29,Very-High"
"14.09,15838,9.99,72.02,High"
"12.97,18527,11.06,72.79,Very-High"
"12.56,12623,8.47,68.51,High"
"13.32,23851,11.62,74.03,Very-High"
"13.82,17662,11.65,74.37,Very-High"
"13.24,17285,11.25,74.02,Very-High"
"12.79,20875,10.4,73.54,Very-High"
"12.62,18566,10.7,73.18,Very-High"
"12.48,11152,8.37,72.85,High"
"12.47,10683,8.29,71.01,High"
"12.22,8973,07.02,70.73,Normal"
"11.98,8290,6.97,69.91,Normal"
"12.68,10502,8.79,73.4,High"
"11.82,8099,7.51,71.22,Normal"
"12.52,8092,7.17,69.21,Normal"
"13.79,9557,7.69,71.57,High"
"12.1,9673,7.38,73.35,Normal"
"12.24,10670,6.71,71.82,Normal"
"12.21,9822,07.09,69.97,Normal"
"12.96,10406,8.27,72.29,High"
"12.24,10090,5.99,71.37,Normal"
"11.69,11012,6.85,72.13,Normal"
"12.1,11819,7.92,70.8,High"
"12.08,11856,7.65,71.98,High"
"13.08,11610,8.84,73.56,High"
"11.86,8684,8.18,72.18,Normal"
"12.06,9423,7.67,71.12,Normal"
"13.4,11825,10.32,73.41,High"
"13.46,11204,9.58,72.26,High"
"14.19,17254,10.74,74.14,Very-High"
"13.11,11930,9.9,72.13,High"
"13.99,16157,11.1,74.89,Very-High"
"13.91,15696,11,74.31,Very-High"
"13.79,12448,10.95,73.89,High"
"13.44,10414,9.13,71.93,High"
"13.22,10705,8.62,70.79,High"
"12.68,11102,7.53,74.23,High"
"12.49,10639,6.93,73.52,Normal"
"12.82,11703,7.42,73.55,High"
"11.98,10131,7.14,73.02,Normal"
"11.45,9547,6.5,74.01,Normal"
"13.04,9066,7.53,73.22,Normal"
"13.49,10342,7.91,74.52,High"
"11.74,10871,6.76,71.6,Normal"
"12.53,9387,7.77,73.56,Normal"
"12.43,13079,7.56,75.83,High"
"13.24,12074,8.31,76.68,High"
"13.82,11557,9.1,77.55,High"
"12.48,9426,07.04,76.07,Normal"
"13.67,11569,8.52,77.38,High"
"12.69,12720,7.34,75.62,High"
"12.29,10350,6.86,74.61,Normal"
"12.19,9795,6.58,74.23,Normal"
"12.1,10551,7.15,74.43,High"
"12.41,10660,7.19,76.04,High"
"13.22,11318,8.63,76.5,High"
"12.74,10609,7.44,75.74,High"
"13.01,10344,7.55,75.31,High"
"12.94,12116,08.01,75.63,High"
"12.13,9489,7.15,75.48,Normal"
"12.8,11597,7.25,74.33,High"
"12,9573,6.63,74.59,Normal"
"12.4,10508,6.88,73.57,Normal"
"11.94,8546,6.41,73.22,Normal"
"12.58,9798,6.86,71.4,Normal"
"12.03,10238,6.2,69.04,Normal"
"13.81,12514,10.33,76.75,High"
"14.55,15049,10.54,77.12,Very-High"
"15.34,15944,10.41,77.22,Very-High"
"15.51,15550,10.52,77.25,Very-High"
"12.83,12680,8.71,74.28,High"
"13.04,13250,8.31,74.34,High"
"15.58,14394,9.38,74.92,High"
"14.25,10275,8.66,75.2,High"
"15.15,15636,9.54,73.77,Very-High"
"12.96,9612,7.13,74.03,Normal"
"16.72,16434,10.67,74.77,Very-High"
"17.28,19125,11.45,74.56,Very-High"
"13.16,11739,7.59,71.18,High"
"12.62,9033,7.28,71.77,Normal"
"13.72,9883,7.21,72.65,High"
"12.25,9865,7.28,73.59,Normal"
"13.15,10891,08.07,73.95,High"
"12.45,10861,7.29,73.39,High"
"12.88,11146,08.01,72.54,High"
"13.17,10270,7.27,72.45,High"
"11.8,9274,6.22,69.94,Normal"
"13.22,9525,6.18,68.99,Normal"
"12.78,12264,7.13,70.54,High"
"13.27,10665,5.71,66.55,Normal"
"13.14,10097,6.12,68.97,Normal"
"12.34,10972,5.77,67,Normal"
"12.31,10381,7.11,70.17,Normal"
"14.91,14609,10.25,73.98,Very-High"
"12.61,12860,8.49,72.43,High"
"13,11533,8.53,72.27,High"
"12.85,12200,7.63,71.44,High"
"13.14,11650,7.8,71.22,High"
"14,11779,7.96,72.49,High"
"12.69,11468,6.98,72.16,High"
"12.36,10265,07.09,71.36,Normal"
"12.2,10499,6.81,71.26,Normal"
"13.47,11572,7.89,72.27,High"
"13.72,13295,9.29,72.61,High"
"11.59,8718,5.66,70.11,Normal"
"12.08,8760,4.55,67.96,Normal"
"13.63,8834,6.4,67.45,Normal"
"13.19,9082,5.46,71.22,Normal"
"14.97,12440,9.92,73.96,High"
"14.31,13851,10.1,73.6,High"
"15.41,16666,10.17,73.15,Very-High"
"13.57,12280,8.69,70.19,High"
"13.6,13393,9.11,71.4,High"
"13.83,13710,10.24,73.21,High"
"14.39,16040,11.13,72.75,Very-High"
"14.79,17854,10.47,74.13,Very-High"
"14.12,12870,09.06,72.54,High"
"12.88,12267,8.74,69.84,High"
"13.46,8719,6.96,64.49,Normal"
"11.96,8850,6.31,67.04,Normal"
"12.81,12476,8.28,69.79,High"
"12.43,10802,7.33,64.47,Normal"
"13.84,14860,10.65,71.57,High"
"13.15,13230,9.74,66.6,High"
"12.77,13418,8.67,67.83,High"
"14.43,15988,11.8,72.41,Very-High"
"13.27,14146,8.84,71.99,High"
"12.63,11902,8.22,72.21,High"
"12.99,14608,8.87,73.53,High"
"13.97,17628,10.38,74.99,Very-High"
"13.8,14623,8.94,73.56,High"
"12.98,11484,8.12,71.06,High"
"12.33,11369,7.16,70.37,Normal"
"12.4,10302,6.31,70.35,Normal"
"12.91,13780,07.08,71.68,High"
"13.99,19992,11.23,74.68,Very-High"
"13.48,10640,7.27,66.28,Normal"
"13.48,11647,6.37,66.64,Normal"
"13.5,10196,6.27,65.99,Normal"
"13.51,9639,6.69,65.74,Normal"
"12.97,9336,7.91,67.31,Normal"
"13.31,9027,8.4,66.6,Normal"
"13.28,8631,7.77,66.11,Normal"
"13.61,11766,8.53,67.8,High"
"12.71,9279,5.84,66.92,Normal"
"15.58,15426,9.45,71.59,High"
"14.99,11334,10.38,70.2,High"
"13.15,7769,7.55,66.85,Normal"
"12.89,7586,6.53,66.98,Normal"
"12.81,9640,6.86,64.94,Normal"
"13.84,7698,7.37,64.39,Normal"
"12.56,6955,6.72,66.32,Normal"
"13.3,6479,7.51,66.86,Normal"
"12.26,7677,7.11,64.35,Normal"
"12.11,6958,08.09,61.29,Normal"
"12.4,7474,8.21,66.97,Normal"
"12.9,7770,7.7,65.1,Normal"
"12.87,8313,6.71,67.07,Normal"
"13.77,9315,7.8,65.17,Normal"
"12.69,8961,8.37,67.96,Normal"
"13.14,7276,7.27,66.77,Normal"
"13.17,6720,7.29,64.34,Normal"
"11.96,7602,7.19,67.12,Normal"
"12.66,6198,5.96,68.32,Normal"
"13.05,6594,6.33,68.43,Normal"
"12.47,8469,7.83,67.03,Normal"
"11.69,5919,6.87,67.98,Normal"
"13.13,5354,6.33,60.23,Low"
"12.77,5998,6.86,64.89,Normal"
"16.24,13592,11.47,69.37,High"
"12.58,9055,7.31,70.56,Normal"
"12.6,9924,6.7,68.83,Normal"
"12.08,9182,6.53,73.67,Normal"
"12.39,7403,7.1,72.7,Normal"
"12.33,7913,6.82,70.9,Normal"
"11.56,8410,6.95,71.35,Normal"
"11.79,9259,7.26,71.01,Normal"
"12.02,8823,6.89,71.62,Normal"
"12.04,7206,7.47,72.44,Normal"
"11.57,7640,6.6,71.65,Normal"
"11.15,8465,6.67,72.88,Normal"
"11.81,7905,6,68.11,Normal"
"13.64,8773,6.82,70.43,Normal"
"14.99,14515,10.14,72.8,High"
"12.89,11789,7.72,71.85,High"
"12.57,11236,8.51,69.69,High"
"12.71,13175,8.41,70.51,High"
"12.69,11905,8.12,69.8,High"
"12.9,11063,7.52,68.69,Normal"
"12.54,11582,8.71,66.99,High"
"12.48,10010,8.6,71.29,High"
"12.11,8738,7.91,71.49,Normal"
"12.47,11278,8.38,69.34,High"
"11.98,9385,7.93,69.25,Normal"
"12.51,10639,8.66,65.7,Normal"
"12.4,10104,08.08,67.98,Normal"
"11.77,10822,09.03,70.32,High"
"12.82,11333,9.2,68.14,High"
"11.74,10471,7.46,69.47,Normal"
"14.94,14091,11.51,73.19,Very-High"
"12.52,12253,8.2,68.49,High"
"11.96,11318,7.64,69.31,Normal"
"11.92,11731,7.42,69.1,Normal"
"12.28,12681,7.34,66.97,Normal"
"12.38,9952,7.33,65.88,Normal"
"11.86,12088,7.75,70.23,High"
"12.1,12835,7.74,65.82,Normal"
"12.19,12257,7.99,65.82,Normal"
"12.88,9772,7.37,63.58,Normal"
"12.59,11476,8.78,70.33,High"
"12.36,12025,7.71,70.08,High"
"12.37,11557,7.27,67.59,Normal"
"13.92,14547,9.94,70.98,High"
"14.8,13949,10.94,71.87,High"
"13.69,12359,9.7,74.22,High"
"13,10767,8.54,72.52,High"
"12.89,10338,8.34,72.79,High"
"13.58,11152,9.1,72.21,High"
"12.78,11196,9.18,73.03,High"
"13.31,12726,9.25,71.94,High"
"12.55,11750,8.16,71.3,High"
"12.5,8008,7.89,71.9,Normal"
"14.13,14791,10.67,74.41,Very-High"
"14.7,14613,10.47,74.17,Very-High"
"12.9,16843,10.73,74.18,Very-High"
"12.84,9343,8.94,72.54,High"
"13.29,10121,09.05,71.42,High"
"12.99,9648,8.93,72.6,High"
"12.2,7981,8.53,71.38,Normal"
"12.63,7290,7.81,71.3,Normal"
"13.73,11509,9.96,73.92,High"
"12.73,11115,9.43,71.58,High"
"11.41,10470,7.77,69.22,Normal"
"13.97,12720,9.58,70.98,High"
"12.31,11663,08.04,69.96,High"
"12.27,8638,9.25,70.04,Normal"
"12.43,11760,8.85,69.8,High"
"12.69,11712,9.93,71.31,High"
"11.9,9366,8.12,67.54,Normal"
"11.64,8252,8.75,70.54,Normal"
"12.04,10665,8.87,70.07,High"
"12.28,9229,7.8,64.45,Normal"
"11.5,9483,7.59,67.81,Normal"
"14.14,14232,11.26,71.8,High"
"12.6,12383,9.87,71,High"
"14.19,12152,10.48,71.79,High"
"12.78,11098,10.09,70.33,High"
"13.14,9604,8.75,68.23,Normal"
"13.05,7619,8.19,65.71,Normal"
"13.23,9842,8.24,70.61,High"
"13.33,11277,9.11,68.82,High"
"13.69,9084,9.36,70.85,High"
"12.48,8189,7.86,66.85,Normal"
"12.72,8156,8.26,65.3,Normal"
"13.08,8151,8.75,68.17,Normal"
"12.46,9878,7.47,63.94,Normal"
"12.25,7765,8.38,65.14,Normal"
"12.86,8375,8.53,69.57,Normal"
"12.89,7888,8.51,64.79,Normal"
"12.23,9109,8.7,69.19,Normal"
"16.22,15205,11.6,70.68,Very-High"
"13.36,11118,8.26,70.43,High"
"12.48,9028,7.63,68.34,Normal"
"12.91,10480,7.43,67.69,Normal"
"12.03,11592,6.48,70.42,Normal"
"11.97,9078,6.48,66.24,Normal"
"12.25,10474,7.18,67.01,Normal"
"13.48,9369,7.97,70.37,Normal"
"12.87,9465,7.48,67.17,Normal"
"13.02,10981,7.46,68.98,Normal"
"12.51,11392,7.6,66.49,Normal"
"13.57,10911,7.96,68.91,High"
"12.8,8954,6.98,66.88,Normal"
"12.73,9444,7.74,69.43,Normal"
"13.13,12399,6.8,67.17,Normal"
"12.93,12039,7.83,69.59,High"
"13.22,11828,7.85,69.39,High"
"13.69,10800,8.89,70.83,High"
"13.32,10085,8.15,70.19,High"
"13.58,7253,08.02,73.15,Normal"
"12.42,11583,7.78,68.31,Normal"
"12.82,12802,8.54,70.38,High"
"13.37,8083,7.92,73.35,Normal"
"15.56,16989,11.2,72,Very-High"
"14.49,13648,10.3,71.18,High"
"15.07,12986,10.75,70.79,High"
"13.55,9436,8.91,70.97,High"
"13.74,7366,7.51,67.92,Normal"
"13.78,8253,8.35,70.18,Normal"
"12.99,10200,9.14,70.02,High"
"12.8,12525,8.76,70.72,High"
"12.24,9115,7.74,70.52,Normal"
"11.83,8344,7.74,68.54,Normal"
"13.2,9388,7.73,70.13,Normal"
"12.1,10258,7.86,70.15,Normal"
"12.75,7534,8.75,70.75,Normal"
"12.54,9215,8.97,69.23,Normal"
"12.15,7832,7.35,72.33,Normal"
"11.81,6832,9.18,68.25,Normal"
"12.2,7526,6.77,70.16,Normal"
"12.7,7264,7.29,67.5,Normal"
"12.94,7293,7.32,67.5,Normal"
"16.28,14392,11.94,73.52,Very-High"
"14.81,10523,10.37,70.95,High"
"13.06,10075,7.69,67.93,Normal"
"12.43,8874,6.54,68.83,Normal"
"12.94,9361,7.11,67.45,Normal"
"12.36,10316,7.1,63.83,Normal"
"13.45,10147,08.07,68.38,Normal"
"12.44,8982,6.74,65.79,Normal"
"14.32,12298,10.35,72.42,High"
"12.62,9235,7.73,64.82,Normal"
"13.6,10029,8.52,61.3,Normal"
"13.05,8598,7.4,62.18,Normal"
"11.74,7769,7.37,70.75,Normal"
"13.18,9535,7.69,67.23,Normal"
"11.66,11094,7.92,65.91,Normal"
"11.92,8501,7.24,68.06,Normal"
"13.94,8887,9.81,65.82,Normal"
"12.28,6396,9.55,63.34,Normal"
"12.63,7625,9.5,64.95,Normal"
"14.15,10298,9.64,66.34,High"
"13.02,10400,8.46,66.32,Normal"
"12.29,7678,8.71,62.73,Normal"
"13.42,8704,8.86,61.48,Normal"
"12.75,9452,8.22,59.16,Normal"
"12.26,6888,8.14,62.16,Normal"
"12.68,7627,7.7,66.13,Normal"
"16.02,14233,11.91,70.35,Very-High"
"13.9,7506,10.26,65.21,Normal"
"13.63,8308,9,68.18,Normal"
"13.08,7660,8.12,66.13,Normal"
"12.94,8258,8.79,63.65,Normal"
"12.73,7221,8.73,63.18,Normal"
"12.77,7298,7.92,65.75,Normal"
"13.59,7713,8.38,69.47,Normal"
"12.74,8127,08.06,68.64,Normal"
"12.43,6655,7.1,66.99,Normal"
"12.58,6659,7.46,61.95,Normal"
"15.73,13632,11.58,70.85,Very-High"
"14.2,8608,9.64,69.22,High"
"12.72,8125,7.44,65.9,Normal"
"14.09,7608,8.64,68.41,Normal"
"11.98,8304,8.28,64.64,Normal"
"11.34,8198,6.87,59.93,Low"
"12.17,9821,7.95,60.6,Normal"
"13.64,11994,8.16,68.56,High"
"12.88,6252,7.26,66.15,Normal"
"13.43,7507,08.02,66.02,Normal"
"12.02,7958,7.8,64.7,Normal"
"11.62,5001,05.07,59.96,Low"
"12.91,5391,6.67,65.17,Low"
"12.33,5511,6.57,67.48,Low"
"11.62,5102,05.08,67.18,Low"
"14.22,13815,11.05,70.46,High"
"11.05,7336,6.65,65.65,Normal"
"13.59,10498,8.56,66.93,Normal"
"11.93,7835,5.3,59.39,Low"
"14.19,10375,9.79,66.93,High"
"11.59,9195,9.7,67.97,Normal"
"12.72,7785,9.19,69.06,Normal"
"13.95,10211,10.22,68.2,High"
"10.48,6767,4.38,66.27,Low"
"6.96,5523,3.61,64.98,Low"
"12.17,12035,9.91,72.27,High"
"11.06,8300,8.55,59.64,Normal"
"10.54,6513,6.3,64.91,Low"
"8.74,6066,4.82,57.53,Low"
"7.6,5030,04.02,65.8,Low"
"6.14,5633,2.61,64.34,Low"
"8.28,5142,3.63,65.58,Low"
"11.81,6860,8.53,66.26,Normal"
"12.41,9136,8,66.6,Normal"
"12.78,7018,9.18,66.24,Normal"
"12.73,5820,8.6,65.81,Normal"
"11.78,4807,5.65,57.55,Low"
"3.29,4181,0.97,55.12,Low"
"8.35,4569,3.19,66,Low"
"8.63,4671,2.9,63.44,Low"
"8.83,4860,2.58,65.34,Low"
"5.19,5702,1.96,65.61,Low"
"10.57,5709,4.92,65.6,Low"
"7.36,5593,2.64,65.51,Low"
"9.8,4958,3,65.11,Low"
"15,15176,11.55,70.38,Very-High"
"12.95,11299,8.34,71.34,High"
"14.27,9186,09.09,69.64,High"
"13.25,6824,09.07,65,Normal"
"14.29,8506,08.05,67.16,Normal"
"14.15,7891,8.38,64.02,Normal"
"13.98,7685,9.64,67.77,Normal"
"13.01,8252,7.85,68.44,Normal"
"14.25,10394,9.68,68.62,High"
"14.58,9134,09.08,67.72,High"
"14.7,9192,10.14,69.59,High"
"14.44,9492,8.81,66.68,Normal"
"14.81,8378,9.17,70.92,High"
"14.68,7919,8.11,68.61,Normal"
"13.56,8093,8.13,64.65,Normal"
"13.49,8529,7.69,65.12,Normal"
"13.57,8032,8.7,69.28,Normal"
"14.11,7936,8.26,68.89,Normal"
"13.96,9262,8.37,66.88,Normal"
"13.44,10626,9.56,68.99,High"
"14.53,9967,8.86,69.81,High"
"17.26,16234,12.6,71.1,Very-High"
"13.66,10899,10.97,70.21,High"
"15.19,11497,11.06,69.16,High"
"15.18,10863,10.89,71.27,High"
"14.2,7039,7.39,63.69,Normal"
"13.14,10391,9.34,68.61,High"
"12.13,6941,4.94,69.43,Normal"
"13.15,9653,8.11,62.24,Normal"
"13.1,11209,8.7,64.55,Normal"
"12.66,10067,8.29,66.82,Normal"
"13.66,11607,9.65,68.11,High"
"13.26,12095,10.34,69.59,High"
"12.6,11053,09.04,69.6,High"
"12.56,10735,8.47,67.79,Normal"
"12.75,11311,9.18,70.75,High"
"13.07,10492,9.15,68.41,High"
"12.73,12367,9.55,70.97,High"
"13.32,12132,9.92,71.31,High"
"12.75,11088,8.52,68.22,High"
"12.2,6941,5.2,68.24,Normal"
"13.25,7630,9.28,68.69,Normal"
"13.83,8099,8.48,65.27,Normal"
"13.44,8348,9.14,70.87,Normal"
"12.57,10737,8.51,68.08,Normal"
"12.52,10385,7.84,66.38,Normal"
"12.42,9912,09.06,66.77,Normal"
"13,8772,8.67,66.69,Normal"
"12.97,11280,8.71,68.39,High"
"12.8,11730,8.35,69.09,High"
"12.58,6041,06.09,68.98,Normal"
"12.66,5817,6,68.5,Normal"
"13.13,11405,9.91,68.36,High"
"12.47,11102,9.24,62.6,Normal"
"14.02,12290,11.08,72.93,High"
"12.68,12434,10.24,70.47,High"
"14.72,14845,11.37,72.64,Very-High"
"13.59,10750,10.75,71.95,High"
"14.51,10795,10.63,68.73,High"
"13.71,7639,8.41,70.67,Normal"
"13.95,10638,8.76,69.01,High"
"12.39,6211,6.95,64.49,Normal"
"13.3,9089,8.14,70.45,Normal"
"13.02,10035,7.84,67.95,Normal"
"12.35,10277,7.77,65.69,Normal"
"13.88,10417,8.44,69.38,High"
"13.57,10919,7.5,68.23,Normal"
"13.85,9489,8.69,71.83,High"
"13.27,9500,7.97,69.47,Normal"
"12.78,8238,7.66,66.82,Normal"
"12.69,10199,8.15,67.21,Normal"
"12.41,11189,8.25,70.73,High"
"13.22,8979,7.86,67.37,Normal"
"16.5,14312,11.33,73.35,Very-High"
"14.3,11968,11.01,73.14,High"
"13.15,9765,9.94,69.59,High"
"15.04,10440,11.44,72.58,High"
"14.95,13035,11.31,73.91,Very-High"
"14.24,13114,10.46,73.33,High"
"14.52,12611,10.36,69.87,High"
"13.11,10968,8.92,71.19,High"
"13.27,10476,8.31,68.17,Normal"
"12.32,10481,8.16,69.97,Normal"
"11.89,10254,7.19,67.32,Normal"
"12.16,11894,8.44,70.74,High"
"12.73,12119,9.64,70.79,High"
"13.21,11128,9.1,70.35,High"
"12.82,9608,8.37,69.55,Normal"
"12.83,11640,9.21,70.85,High"
"12.63,9316,8.15,69.87,Normal"
"12.78,7978,7.48,67.21,Normal"
"15.34,14778,11.22,71.94,Very-High"
"12.98,12063,9.84,70.55,High"
"12.9,10357,8.23,70.89,High"
"13.85,9951,8.2,69.65,High"
"11.97,10133,7.67,71.04,Normal"
"12.25,11609,7.63,68.94,Normal"
"12.9,9833,7.82,70.26,Normal"
"12.81,8456,08.09,71.02,Normal"
"11.85,8904,6.34,65.86,Normal"
"12.6,9395,7.56,67.87,Normal"
"12.38,10273,7.56,69.77,Normal"
"12.6,11352,08.09,67.42,Normal"
"14.62,11912,10.67,72.43,High"
"14.77,10186,9.84,71.84,High"
"12.36,10652,8,69.41,Normal"
"12.57,9940,8.68,67.83,Normal"
"11.4,10706,07.02,68.22,Normal"
"11.95,11012,7.6,68.38,Normal"
"12.32,9600,8.44,65.5,Normal"
"11.99,9562,7.28,67.59,Normal"
"11.98,10212,7.6,68.33,Normal"
"11.73,9760,7.17,68.55,Normal"
"11.73,8445,7.82,66.49,Normal"
"12.04,11612,7.27,68.65,Normal"
"12.28,10412,7.58,64.96,Normal"
"12.04,9450,7.38,64.56,Normal"
"11.7,8136,6.58,67.88,Normal"
"11.55,9795,6.45,65.21,Normal"
"14.39,14697,10.37,70.32,High"
"12.89,12765,9.71,69.88,High"
"12.83,8758,09.08,66.14,Normal"
"13.31,13288,9.51,68.83,High"
"13.58,10162,8.61,68.84,High"
"13.59,9592,09.01,67.45,Normal"
"13.55,10045,08.05,67.95,Normal"
"12.84,10098,7.85,67.67,Normal"
"12.96,8284,8.24,66.15,Normal"
"13.26,7844,7.9,67.14,Normal"
"12.71,10036,7.88,66.16,Normal"
"12.3,11071,7.89,62.73,Normal"
"12.68,9135,7.92,67.39,Normal"
"12.97,9102,7.14,67.82,Normal"
"16,13633,11.58,69.72,High"
"12.61,9858,7.82,70.18,Normal"
"12.19,9741,7.6,67.09,Normal"
"12.15,9107,6.96,68.04,Normal"
"12.17,9781,7.67,68.87,Normal"
"12.83,9908,7.57,70.31,Normal"
"12.9,11052,7.51,69.46,Normal"
"12.44,8559,8.19,68.71,Normal"
"12.33,8979,7.35,68.95,Normal"
"11.73,10553,7.22,69.59,Normal"
"12.28,7724,7.47,68.53,Normal"
"12.78,10190,08.01,69.44,Normal"
"11.61,7774,6.6,67.71,Normal"
"11.99,8205,7.1,69.56,Normal"
"11.97,8355,7.59,62.85,Normal"
"14.23,11952,10.9,71.01,High"
"14.29,11636,10.61,71.29,High"
"11.87,12666,7.84,70.18,High"
"12.68,12043,8.2,70.73,High"
"11.83,13281,8.15,70.64,High"
"11.51,12011,7.18,69.73,Normal"
"11.75,12836,6.8,70.78,Normal"
"11.35,11573,6.36,67.47,Normal"
"11.49,11302,8.14,71.59,High"
"12.83,15560,9.78,72.86,High"
"12.82,13976,9.81,69.64,High"
"12.16,11945,7.81,70.52,High"
"12.75,14256,8.35,70.21,High"
"13.88,14217,8.71,64.57,High"
"12.43,11499,6.27,61.44,Normal"
"12.32,11894,6.7,66.91,Normal"
"12.95,17560,11.12,73.24,Very-High"
"14.08,15292,9.98,71.93,High"
"12.95,18128,11.05,72.67,Very-High"
"12.48,12264,8.46,68.27,High"
"13.31,23363,11.57,73.93,Very-High"
"13.43,17339,11.64,74.27,Very-High"
"13.23,16994,11.24,73.92,Very-High"
"12.78,20298,10.38,73.45,Very-High"
"12.61,18121,10.69,73.08,High"
"12.45,10790,8.15,72.66,High"
"12.44,10323,7.88,70.86,Normal"
"12.2,8618,6.8,70.49,Normal"
"11.9,7874,6.93,69.7,Normal"
"12.64,10203,8.58,73.26,High"
"11.8,7597,7.5,71.03,Normal"
"12.48,7761,7.13,68.96,Normal"
"13.67,9190,7.6,71.32,Normal"
"12.07,9297,7.36,73.11,Normal"
"12.22,10212,6.62,71.66,Normal"
"12.19,9416,6.91,69.68,Normal"
"12.94,10153,8.17,72.14,High"
"12.22,9633,5.98,71.11,Normal"
"11.68,10715,6.84,71.92,Normal"
"12.09,11372,7.75,70.61,Normal"
"12.07,11277,7.35,71.81,Normal"
"13.05,11155,8.84,73.43,High"
"11.83,8329,7.97,72.03,Normal"
"12.04,8968,7.58,70.84,Normal"
"13.38,11348,10.3,73.21,High"
"13.4,10609,9.53,72.11,High"
"14.18,16630,10.63,74,Very-High"
"13.09,11397,9.89,71.99,High"
"13.76,15755,11.09,74.76,Very-High"
"13.9,15262,10.85,74.17,Very-High"
"13.77,11921,10.94,73.75,High"
"13.42,9855,09.04,71.7,High"
"13.2,10329,8.6,70.59,High"
"12.63,10777,7.35,74.18,High"
"12.48,10274,6.92,73.39,Normal"
"12.64,11240,7.41,73.45,High"
"11.95,9786,7,72.98,Normal"
"11.42,9160,6.28,73.91,Normal"
"12.91,8757,7.34,73.11,Normal"
"13.48,10048,7.7,74.4,High"
"11.69,10503,6.75,71.46,Normal"
"12.48,9025,7.57,73.47,Normal"
"12.16,12758,7.55,75.79,High"
"13.13,11738,8.24,76.67,High"
"13.81,11100,8.84,77.54,High"
"12.45,9117,6.88,76.05,Normal"
"13.66,11223,8.51,77.36,High"
"12.65,12391,7.22,75.6,High"
"12.28,10097,6.67,74.55,Normal"
"12.14,9385,6.46,74.12,Normal"
"12.05,10191,6.95,74.39,Normal"
"12.3,10190,7.18,75.93,High"
"13.21,10979,8.62,76.47,High"
"12.71,10169,7.43,75.71,High"
"12.86,10001,7.48,75.29,High"
"12.85,11807,7.88,75.62,High"
"12.08,9142,6.94,75.47,Normal"
"12.7,11257,07.05,74.3,High"
"11.88,9203,6.62,74.56,Normal"
"12.17,10221,6.74,73.53,Normal"
"11.91,8186,6.32,73.11,Normal"
"12.34,9433,6.7,71.28,Normal"
"12.02,9890,6.19,68.84,Normal"
"13.8,11994,10.31,76.72,High"
"14.52,14528,10.53,77.11,Very-High"
"15,15464,10.4,77.11,Very-High"
"15.5,14895,10.51,77.23,Very-High"
"12.79,12312,8.57,74.25,High"
"12.9,12830,8.3,74.3,High"
"15.56,13946,9.32,74.82,High"
"14.24,9698,8.65,75.12,High"
"15.03,15386,9.35,73.66,High"
"12.95,9163,7,73.92,Normal"
"16.71,15844,10.66,74.69,Very-High"
"17.05,18629,11.44,74.45,Very-High"
"13.1,11380,7.39,70.97,High"
"12.61,8527,7.19,71.52,Normal"
"13.71,9426,7.17,72.43,Normal"
"12.12,9400,7.27,73.35,Normal"
"13.05,10455,08.06,73.74,High"
"12.44,10327,7.27,73.16,Normal"
"12.87,10853,7.68,72.37,High"
"12.87,9844,7.18,72.26,Normal"
"11.79,8931,6.21,69.7,Normal"
"13.21,9090,06.07,68.74,Normal"
"12.69,11828,7.12,70.34,High"
"12.95,10429,5.62,66.27,Normal"
"13.01,9692,6.11,68.73,Normal"
"12.07,10700,5.71,66.71,Normal"
"12.3,9933,6.83,70.01,Normal"
"14.75,14168,10.24,73.82,High"
"12.53,12454,8.18,72.24,High"
"12.99,10999,8.21,72.04,High"
"12.84,11768,7.61,71.25,High"
"13.13,11351,7.57,70.97,High"
"13.73,11539,7.95,72.3,High"
"12.68,11187,6.88,71.92,Normal"
"12.35,9926,6.77,71.07,Normal"
"12.19,10048,6.52,71.01,Normal"
"13.46,11108,7.83,72.04,High"
"13.71,12845,8.96,72.46,High"
"11.58,8393,5.33,69.94,Normal"
"11.76,8569,4.36,67.79,Normal"
"13.62,8536,6.35,67.22,Normal"
"13.07,8722,5.23,70.94,Normal"
"14.96,11976,9.91,73.8,High"
"14.02,13391,9.9,73.36,High"
"15.4,16158,10.16,72.93,Very-High"
"13.56,11796,8.49,70,High"
"13.59,12931,9.1,71.18,High"
"13.82,13155,9.99,73.01,High"
"14.21,15616,11.11,72.59,Very-High"
"14.78,17157,10.46,73.98,Very-High"
"14.04,12466,8.77,72.37,High"
"12.85,11994,8.62,69.64,High"
"13.42,8613,6.72,64.24,Normal"
"11.93,8634,6.21,66.79,Normal"
"12.8,12179,8.27,69.61,High"
"12.39,10693,7.18,64.22,Normal"
"13.83,14443,10.51,71.45,High"
"13.13,12900,9.73,66.43,High"
"12.65,13261,8.62,67.58,High"
"14.42,15672,11.78,72.26,Very-High"
"13.23,13886,8.65,71.68,High"
"12.61,11666,7.95,71.91,High"
"12.96,14245,8.64,73.23,High"
"13.95,17325,10.06,74.71,Very-High"
"13.71,14376,8.92,73.26,High"
"12.95,11318,7.75,70.7,High"
"12.31,11160,7.13,70.05,Normal"
"12.39,10050,5.97,70.05,Normal"
"12.89,13235,07.04,71.36,High"
"13.98,19698,11.16,74.38,Very-High"
"13.47,10284,07.03,65.87,Normal"
"13.36,11367,6.16,66.16,Normal"
"13.47,9796,5.96,65.59,Normal"
"13.5,9268,6.45,65.33,Normal"
"12.9,9028,7.72,66.9,Normal"
"13.3,8743,8.12,66.2,Normal"
"13.27,8354,7.59,65.71,Normal"
"13.6,11496,8.24,67.34,High"
"12.7,8888,5.81,66.5,Normal"
"15.52,14797,9.43,71.24,High"
"14.98,10825,10.3,69.84,High"
"13.1,7566,7.3,66.38,Normal"
"12.88,7275,6.52,66.58,Normal"
"12.8,9351,6.74,64.45,Normal"
"13.83,7472,7.11,63.86,Normal"
"12.55,6855,6.47,65.91,Normal"
"13.29,6357,7.26,66.45,Normal"
"12.25,7403,07.08,63.81,Normal"
"12.09,6750,7.81,60.8,Normal"
"12.26,7253,7.95,66.57,Normal"
"12.89,7573,7.42,64.7,Normal"
"12.7,7958,6.69,66.61,Normal"
"13.76,8995,7.79,64.75,Normal"
"12.68,8857,08.07,67.59,Normal"
"12.71,7175,7.26,66.23,Normal"
"13.16,6484,7.24,63.8,Normal"
"11.55,7426,7.18,66.58,Normal"
"12.32,6093,5.76,67.96,Normal"
"13.04,6298,6.32,68.02,Normal"
"12.46,8219,7.82,66.62,Normal"
"11.34,5809,6.65,67.62,Low"
"13.12,5245,06.06,59.53,Low"
"12.76,5894,6.6,64.52,Low"
"16.08,13199,11.46,68.9,High"
"12.55,8860,7.12,70.18,Normal"
"12.52,9774,6.68,68.5,Normal"
"12.01,9072,6.27,73.28,Normal"
"12.37,7183,07.09,72.34,Normal"
"12.31,7779,6.63,70.54,Normal"
"11.54,8126,6.94,71.05,Normal"
"11.77,8988,07.04,70.69,Normal"
"11.98,8624,6.73,71.29,Normal"
"12.03,7074,7.25,72.12,Normal"
"11.56,7326,6.58,71.24,Normal"
"11.13,8202,6.66,72.56,Normal"
"11.79,7552,5.86,67.71,Normal"
"13.59,8532,6.81,70.04,Normal"
"14.81,14322,9.9,72.41,High"
"12.87,11514,7.57,71.41,High"
"12.55,10931,8.37,69.64,High"
"12.7,12788,8.36,70.43,High"
"12.68,11556,7.9,69.75,High"
"12.54,10738,7.51,68.64,Normal"
"12.53,11242,8.69,66.89,Normal"
"12.4,9357,8.59,71.28,Normal"
"12.1,8482,7.84,71.45,Normal"
"12.46,10996,7.95,69.31,Normal"
"11.97,9110,7.76,69.24,Normal"
"12.21,10327,8.65,65.62,Normal"
"12.39,9807,7.7,67.92,Normal"
"11.76,10504,8.97,70.24,High"
"12.81,11000,09.05,68.06,High"
"11.73,10164,7.45,69.43,Normal"
"14.93,13677,11.42,73.16,Very-High"
"12.5,12062,8,68.23,High"
"11.95,11209,7.38,69.08,Normal"
"11.83,11579,7.19,68.89,Normal"
"11.99,12571,7.29,66.66,Normal"
"12.37,9780,7.32,65.59,Normal"
"11.85,11847,7.54,69.98,Normal"
"12.07,12535,7.72,65.59,Normal"
"12.18,12138,7.8,65.54,Normal"
"12.83,9567,7.36,63.24,Normal"
"12.53,11227,8.57,70.12,High"
"12.33,11710,7.7,69.74,High"
"12.36,11442,07.04,67.37,Normal"
"13.91,14256,9.93,70.75,High"
"14.79,13590,10.93,71.67,High"
"13.67,11917,9.48,73.96,High"
"12.99,10605,8.22,72.28,High"
"12.88,9849,08.07,72.57,High"
"13.57,10959,8.84,71.93,High"
"12.65,10614,09.08,72.76,High"
"13.3,12207,8.98,71.68,High"
"12.54,11492,08.03,71.05,High"
"12.48,7653,7.69,71.56,Normal"
"14.12,14557,10.65,74.18,High"
"14.66,14466,10.46,73.93,High"
"12.89,16698,10.72,73.94,High"
"12.82,8943,8.87,72.5,High"
"13.27,9853,09.04,71.4,High"
"12.98,9310,8.92,72.55,High"
"12.19,7511,8.49,71.35,Normal"
"12.62,6956,7.73,71.27,Normal"
"13.7,11153,9.94,73.88,High"
"12.68,10731,9.24,71.26,High"
"11.3,10054,7.59,68.86,Normal"
"13.96,12319,9.56,70.67,High"
"12.04,11397,7.9,69.6,Normal"
"12.2,8525,9,69.71,Normal"
"12.08,11410,8.84,69.47,High"
"12.65,11318,9.61,71.03,High"
"11.88,8992,8.11,67.21,Normal"
"11.51,8097,8.57,70.14,Normal"
"11.74,10354,8.82,69.77,Normal"
"12.23,8743,7.73,64.19,Normal"
"11.48,8856,7.57,67.51,Normal"
"14.12,13814,11.04,71.52,High"
"12.26,12168,9.65,70.72,High"
"14.17,11647,10.25,71.43,High"
"12.75,10663,10.04,69.97,High"
"13.13,9488,8.52,67.78,Normal"
"13.04,7545,8.14,65.12,Normal"
"13.22,9712,08.06,70.32,Normal"
"12.89,11159,8.98,68.45,High"
"13.68,8936,09.04,70.51,High"
"12.47,8106,7.85,66.37,Normal"
"12.71,8017,7.96,64.71,Normal"
"13.07,8079,8.74,67.59,Normal"
"12.45,9808,7.18,63.57,Normal"
"11.82,7608,8.16,64.61,Normal"
"12.85,8236,8.43,69.15,Normal"
"12.88,7810,8.44,64.21,Normal"
"12.22,8985,8.58,68.77,Normal"
"16.2,15074,11.33,70.31,Very-High"
"13.34,10814,08.02,70.08,High"
"12.46,8666,7.4,68.03,Normal"
"12.79,10331,7.34,67.27,Normal"
"12.01,11153,6.47,70.11,Normal"
"11.95,8957,6.21,65.89,Normal"
"12.22,10134,6.91,66.64,Normal"
"13.29,9179,7.75,70.11,Normal"
"12.85,9098,7.29,66.83,Normal"
"12.99,10558,7.43,68.74,Normal"
"12.41,11197,7.49,66.12,Normal"
"13.56,10622,7.86,68.6,High"
"12.67,8686,6.97,66.5,Normal"
"12.57,9291,7.63,69.02,Normal"
"13.11,12057,6.79,66.79,Normal"
"12.91,11834,7.79,69.15,High"
"13.2,11508,7.84,68.98,High"
"13.68,10683,8.68,70.55,High"
"13.3,9705,7.97,69.84,Normal"
"13.5,7087,7.94,72.8,Normal"
"12.39,11429,7.53,67.9,Normal"
"12.81,12346,8.45,70.03,High"
"13.35,7783,7.76,73.09,Normal"
"15.55,16597,11.09,71.7,Very-High"
"14.47,13303,10.29,70.88,High"
"15.06,12662,10.51,70.49,High"
"13.53,9262,8.69,70.72,High"
"13.53,7209,7.5,67.6,Normal"
"13.77,8098,8.19,69.97,Normal"
"12.98,10004,8.94,69.76,High"
"12.39,12384,8.57,70.38,High"
"12.23,8914,7.73,70.24,Normal"
"11.82,8190,7.54,68.17,Normal"
"13.15,9136,7.72,69.85,Normal"
"12.09,10133,7.67,69.94,Normal"
"12.74,7393,8.54,70.56,Normal"
"12.33,9050,8.81,68.95,Normal"
"11.89,7606,7.18,71.99,Normal"
"11.59,6601,9.17,68.06,Normal"
"12.13,7405,6.76,69.97,Normal"
"12.35,7160,7.28,67.33,Normal"
"12.56,7192,07.07,67.33,Normal"
"16.2,14168,11.69,73.26,Very-High"
"14.8,10374,10.13,70.72,High"
"13.03,9839,7.46,67.45,Normal"
"12.42,8654,6.53,68.25,Normal"
"12.91,9071,6.83,66.98,Normal"
"12.35,10076,6.85,63.25,Normal"
"13.44,9827,08.04,67.95,Normal"
"12.43,8780,6.72,65.36,Normal"
"14.31,11908,10.34,72.02,High"
"12.59,9051,7.5,64.58,Normal"
"13.58,9904,8.25,61.05,Normal"
"13.02,8355,7.24,61.97,Normal"
"11.58,7597,7.22,70.62,Normal"
"13.14,9308,7.53,66.94,Normal"
"11.59,10915,7.68,65.62,Normal"
"11.71,8243,7.23,67.79,Normal"
"13.92,8721,9.58,65.59,Normal"
"12.27,6275,9.39,63.19,Normal"
"12.62,7481,9.49,64.77,Normal"
"14.14,10106,9.3,66.19,High"
"12.79,10203,8.32,66.16,Normal"
"12.09,7518,8.7,62.52,Normal"
"13.41,8543,8.85,61.2,Normal"
"12.57,9268,08.02,58.84,Normal"
"11.89,6721,8,61.87,Normal"
"12.48,7506,7.42,65.92,Normal"
"16.01,13993,11.66,70.12,Very-High"
"13.89,7323,10.18,64.89,Normal"
"13.62,7980,8.72,67.8,Normal"
"13.07,7418,7.88,65.78,Normal"
"12.93,7885,8.65,63.16,Normal"
"12.66,7044,8.57,62.83,Normal"
"12.76,7156,7.62,65.42,Normal"
"13.58,7519,8.37,69.15,Normal"
"12.73,7969,7.97,68.19,Normal"
"12.41,6294,6.96,66.58,Normal"
"12.14,6455,7.44,61.58,Low"
"15.72,13166,11.26,70.5,High"
"13.91,8232,9.63,68.87,Normal"
"12.53,7816,7.27,65.55,Normal"
"13.85,7357,8.51,68.12,Normal"
"11.76,8071,08.09,64.25,Normal"
"11.05,7927,6.75,59.53,Low"
"11.94,9622,7.77,60.15,Normal"
"13.63,11789,08.04,68.22,High"
"12.56,6062,7.15,65.83,Normal"
"13.21,7240,7.83,65.71,Normal"
"11.8,7760,7.63,64.42,Normal"
"11.32,4859,4.94,59.56,Low"
"12.67,5168,6.53,64.93,Low"
"12.32,5225,6.48,67.16,Low"
"11.33,4979,4.97,66.89,Low"
"14.21,13484,10.93,70,High"
"10.83,7159,6.52,65.36,Normal"
"13.24,10430,8.49,66.71,Normal"
"11.58,7637,5.17,58.99,Low"
"14.17,10160,9.6,66.66,High"
"11.14,9143,9.53,67.72,Normal"
"12.24,7739,09.07,68.85,Normal"
"13.94,9969,10,68,High"
"10.47,6535,4.2,65.94,Low"
"6.59,5459,3.51,64.65,Low"
"11.77,11700,9.76,72.06,High"
"10.99,8211,8.32,59.16,Normal"
"10.53,6268,6.29,64.56,Low"
"8.47,5882,4.74,56.88,Low"
"7.59,4737,04.01,65.52,Low"
"5.79,5578,2.49,64.08,Low"
"08.04,4946,3.62,65.3,Low"
"11.55,6814,8.52,66,Normal"
"12.14,8918,7.83,66.35,Normal"
"12.77,6978,8.87,65.99,Normal"
"12.72,5769,8.39,65.53,Normal"
"11.3,4755,5.46,57.18,Low"
"2.95,4131,0.85,54.82,Low"
"08.01,4517,3.18,65.79,Low"
"8.33,4609,2.78,63.14,Low"
"8.46,4799,2.44,65.1,Low"
"4.93,5506,1.95,65.33,Low"
"10.13,5522,4.91,65.32,Low"
"7.11,5440,2.51,65.26,Low"
"9.79,4761,2.99,64.83,Low"
"14.99,14922,11.3,70.15,High"
"12.91,11059,8.17,71.2,High"
